plant_part_id,plant_name,plant_part,source_name
AC-LE-AE,Acacia leucophloea,aerial parts,IMPPAT
AC-LE-BA,Acacia leucophloea,bark,IMPPAT
AC-LE-FL,Acacia leucophloea,flower,IMPPAT
AC-LE-FR,Acacia leucophloea,fruit,IMPPAT
AC-LE-LE,Acacia leucophloea,leaf,IMPPAT
AC-LE-PL,Acacia leucophloea,plant exudate,IMPPAT
AC-LE-RO,Acacia leucophloea,root,IMPPAT
AC-LE-SE,Acacia leucophloea,seed,IMPPAT
AC-LE-WO,Acacia leucophloea,wood,IMPPAT
AL-LE-BA,Albizia lebbeck,bark,IMPPAT
AL-LE-FL,Albizia lebbeck,flower,IMPPAT
AL-LE-FR,Albizia lebbeck,fruit,IMPPAT
AL-LE-LE,Albizia lebbeck,leaf,IMPPAT
AL-LE-RO,Albizia lebbeck,root,IMPPAT
AL-LE-SE,Albizia lebbeck,seed,IMPPAT
AL-LE-ST,Albizia lebbeck,stem,IMPPAT
AL-LE-WH,Albizia lebbeck,whole plant,IMPPAT
AL-LE-WO,Albizia lebbeck,wood,IMPPAT
AL-GA-FL,Alpinia galanga,flower,IMPPAT
AL-GA-LE,Alpinia galanga,leaf,IMPPAT
AL-GA-RH,Alpinia galanga,rhizome,IMPPAT
AL-GA-RO,Alpinia galanga,root,IMPPAT
AL-GA-SE,Alpinia galanga,seed,IMPPAT
AL-GA-ST,Alpinia galanga,stem,IMPPAT
AL-GA-TU,Alpinia galanga,tuber,IMPPAT
AL-GA-WH,Alpinia galanga,whole plant,IMPPAT
AL-SE-FL,Alternanthera sessilis,flower,IMPPAT
AL-SE-LE,Alternanthera sessilis,leaf,IMPPAT
AL-SE-RO,Alternanthera sessilis,root,IMPPAT
AL-SE-SE,Alternanthera sessilis,seed,IMPPAT
AL-SE-ST,Alternanthera sessilis,stem,IMPPAT
AL-SE-WH,Alternanthera sessilis,whole plant,IMPPAT
AM-VI-LE,Amaranthus viridis,leaf,IMPPAT
AM-VI-RO,Amaranthus viridis,root,IMPPAT
AM-VI-WH,Amaranthus viridis,whole plant,IMPPAT
AN-LA-BA,Anogeissus latifolia,bark,IMPPAT
AN-LA-FL,Anogeissus latifolia,flower,IMPPAT
AN-LA-FR,Anogeissus latifolia,fruit,IMPPAT
AN-LA-LE,Anogeissus latifolia,leaf,IMPPAT
AN-LA-PL,Anogeissus latifolia,plant exudate,IMPPAT
AN-LA-RO,Anogeissus latifolia,root,IMPPAT
AN-LA-WO,Anogeissus latifolia,wood,IMPPAT
AR-ME-AE,Argemone mexicana,aerial parts,IMPPAT
AR-ME-BA,Argemone mexicana,bark,IMPPAT
AR-ME-FL,Argemone mexicana,flower,IMPPAT
AR-ME-FR,Argemone mexicana,fruit,IMPPAT
AR-ME-LE,Argemone mexicana,leaf,IMPPAT
AR-ME-PL,Argemone mexicana,plant exudate,IMPPAT
AR-ME-RO,Argemone mexicana,root,IMPPAT
AR-ME-SE,Argemone mexicana,seed,IMPPAT
AR-ME-ST,Argemone mexicana,stem,IMPPAT
AR-ME-WH,Argemone mexicana,whole plant,IMPPAT
AR-TA-LE,Aristolochia tagala,leaf,IMPPAT
AR-TA-RO,Aristolochia tagala,root,IMPPAT
AR-HE-BA,Artocarpus heterophyllus,bark,IMPPAT
AR-HE-FR,Artocarpus heterophyllus,fruit,IMPPAT
AR-HE-LE,Artocarpus heterophyllus,leaf,IMPPAT
AR-HE-PL,Artocarpus heterophyllus,plant exudate,IMPPAT
AR-HE-RO,Artocarpus heterophyllus,root,IMPPAT
AR-HE-SE,Artocarpus heterophyllus,seed,IMPPAT
AR-HE-WH,Artocarpus heterophyllus,whole plant,IMPPAT
AR-HE-WO,Artocarpus heterophyllus,wood,IMPPAT
AT-HO-LE,Atriplex hortensis,leaf,IMPPAT
AT-HO-SE,Atriplex hortensis,seed,IMPPAT
AZ-IN-BA,Azadirachta indica,bark,IMPPAT
AZ-IN-FL,Azadirachta indica,flower,IMPPAT
AZ-IN-FR,Azadirachta indica,fruit,IMPPAT
AZ-IN-LE,Azadirachta indica,leaf,IMPPAT
AZ-IN-PL,Azadirachta indica,plant exudate,IMPPAT
AZ-IN-RO,Azadirachta indica,root,IMPPAT
AZ-IN-SE,Azadirachta indica,seed,IMPPAT
AZ-IN-ST,Azadirachta indica,stem,IMPPAT
AZ-IN-WH,Azadirachta indica,whole plant,IMPPAT
AZ-IN-WO,Azadirachta indica,wood,IMPPAT
AZ-TE-AE,Azima tetracantha,aerial parts,IMPPAT
AZ-TE-BA,Azima tetracantha,bark,IMPPAT
AZ-TE-LE,Azima tetracantha,leaf,IMPPAT
AZ-TE-RO,Azima tetracantha,root,IMPPAT
AZ-TE-SE,Azima tetracantha,seed,IMPPAT
AZ-TE-ST,Azima tetracantha,stem,IMPPAT
BA-VU-BA,Bambusa vulgaris,bark,IMPPAT
BA-VU-LE,Bambusa vulgaris,leaf,IMPPAT
BA-VU-RO,Bambusa vulgaris,root,IMPPAT
BA-AL-BA,Basella alba,bark,IMPPAT
BA-AL-FL,Basella alba,flower,IMPPAT
BA-AL-FR,Basella alba,fruit,IMPPAT
BA-AL-LE,Basella alba,leaf,IMPPAT
BA-AL-PL,Basella alba,plant exudate,IMPPAT
BA-AL-RO,Basella alba,root,IMPPAT
BA-AL-SE,Basella alba,seed,IMPPAT
BA-AL-ST,Basella alba,stem,IMPPAT
BA-AL-WH,Basella alba,whole plant,IMPPAT
BE-CI-LE,Bergenia ciliata,leaf,IMPPAT
BE-CI-RH,Bergenia ciliata,rhizome,IMPPAT
BE-CI-RO,Bergenia ciliata,root,IMPPAT
BE-CI-ST,Bergenia ciliata,stem,IMPPAT
BI-OR-FR,Bixa orellana,fruit,IMPPAT
BI-OR-LE,Bixa orellana,leaf,IMPPAT
BI-OR-RO,Bixa orellana,root,IMPPAT
BI-OR-SE,Bixa orellana,seed,IMPPAT
BI-OR-ST,Bixa orellana,stem,IMPPAT
BI-OR-WO,Bixa orellana,wood,IMPPAT
BR-JU-FL,Brassica juncea,flower,IMPPAT
BR-JU-LE,Brassica juncea,leaf,IMPPAT
BR-JU-RO,Brassica juncea,root,IMPPAT
BR-JU-SE,Brassica juncea,seed,IMPPAT
BR-JU-ST,Brassica juncea,stem,IMPPAT
BR-JU-WH,Brassica juncea,whole plant,IMPPAT
BR-ST-AE,Bridelia stipularis,aerial parts,IMPPAT
BR-ST-BA,Bridelia stipularis,bark,IMPPAT
BR-ST-LE,Bridelia stipularis,leaf,IMPPAT
BR-ST-RO,Bridelia stipularis,root,IMPPAT
BR-ST-SE,Bridelia stipularis,seed,IMPPAT
BR-ST-WH,Bridelia stipularis,whole plant,IMPPAT
CA-FR-BA,Cadaba fruticosa,bark,IMPPAT
CA-FR-LE,Cadaba fruticosa,leaf,IMPPAT
CA-FR-RO,Cadaba fruticosa,root,IMPPAT
CA-FR-SE,Cadaba fruticosa,seed,IMPPAT
CA-FR-ST,Cadaba fruticosa,stem,IMPPAT
CA-PU-AE,Caesalpinia pulcherrima,aerial parts,IMPPAT
CA-PU-BA,Caesalpinia pulcherrima,bark,IMPPAT
CA-PU-FL,Caesalpinia pulcherrima,flower,IMPPAT
CA-PU-FR,Caesalpinia pulcherrima,fruit,IMPPAT
CA-PU-LE,Caesalpinia pulcherrima,leaf,IMPPAT
CA-PU-RO,Caesalpinia pulcherrima,root,IMPPAT
CA-PU-SE,Caesalpinia pulcherrima,seed,IMPPAT
CA-PU-ST,Caesalpinia pulcherrima,stem,IMPPAT
CA-PU-WH,Caesalpinia pulcherrima,whole plant,IMPPAT
CA-GI-AE,Calotropis gigantea,aerial parts,IMPPAT
CA-GI-BA,Calotropis gigantea,bark,IMPPAT
CA-GI-FL,Calotropis gigantea,flower,IMPPAT
CA-GI-FR,Calotropis gigantea,fruit,IMPPAT
CA-GI-LE,Calotropis gigantea,leaf,IMPPAT
CA-GI-PL,Calotropis gigantea,plant exudate,IMPPAT
CA-GI-RO,Calotropis gigantea,root,IMPPAT
CA-GI-SE,Calotropis gigantea,seed,IMPPAT
CA-GI-ST,Calotropis gigantea,stem,IMPPAT
CA-GI-WH,Calotropis gigantea,whole plant,IMPPAT
CA-DI-FL,Canscora diffusa,flower,IMPPAT
CA-DI-LE,Canscora diffusa,leaf,IMPPAT
CA-DI-RH,Canscora diffusa,rhizome,IMPPAT
CA-DI-RO,Canscora diffusa,root,IMPPAT
CA-DI-SE,Canscora diffusa,seed,IMPPAT
CA-DI-WH,Canscora diffusa,whole plant,IMPPAT
CA-ZE-AE,Capparis zeylanica,aerial parts,IMPPAT
CA-ZE-BA,Capparis zeylanica,bark,IMPPAT
CA-ZE-FL,Capparis zeylanica,flower,IMPPAT
CA-ZE-FR,Capparis zeylanica,fruit,IMPPAT
CA-ZE-LE,Capparis zeylanica,leaf,IMPPAT
CA-ZE-RO,Capparis zeylanica,root,IMPPAT
CA-ZE-SE,Capparis zeylanica,seed,IMPPAT
CA-AR-BA,Careya arborea,bark,IMPPAT
CA-AR-FL,Careya arborea,flower,IMPPAT
CA-AR-FR,Careya arborea,fruit,IMPPAT
CA-AR-LE,Careya arborea,leaf,IMPPAT
CA-AR-PL,Careya arborea,plant exudate,IMPPAT
CA-AR-RO,Careya arborea,root,IMPPAT
CA-AR-SE,Careya arborea,seed,IMPPAT
CA-AR-ST,Careya arborea,stem,IMPPAT
CA-CA-BA,Carissa carandas,bark,IMPPAT
CA-CA-FL,Carissa carandas,flower,IMPPAT
CA-CA-FR,Carissa carandas,fruit,IMPPAT
CA-CA-LE,Carissa carandas,leaf,IMPPAT
CA-CA-RO,Carissa carandas,root,IMPPAT
CA-CA-SE,Carissa carandas,seed,IMPPAT
CA-CA-ST,Carissa carandas,stem,IMPPAT
CI-LI-AE,Citrus limon,aerial parts,IMPPAT
CI-LI-BA,Citrus limon,bark,IMPPAT
CI-LI-FL,Citrus limon,flower,IMPPAT
CI-LI-FR,Citrus limon,fruit,IMPPAT
CI-LI-LE,Citrus limon,leaf,IMPPAT
CI-LI-RO,Citrus limon,root,IMPPAT
CI-LI-SE,Citrus limon,seed,IMPPAT
CI-LI-ST,Citrus limon,stem,IMPPAT
CI-LI-WH,Citrus limon,whole plant,IMPPAT
CL-GO-AE,Clematis gouriana,aerial parts,IMPPAT
CL-GO-LE,Clematis gouriana,leaf,IMPPAT
CL-GO-RO,Clematis gouriana,root,IMPPAT
CL-GO-ST,Clematis gouriana,stem,IMPPAT
CL-VI-AE,Cleome viscosa,aerial parts,IMPPAT
CL-VI-BA,Cleome viscosa,bark,IMPPAT
CL-VI-FL,Cleome viscosa,flower,IMPPAT
CL-VI-LE,Cleome viscosa,leaf,IMPPAT
CL-VI-RO,Cleome viscosa,root,IMPPAT
CL-VI-SE,Cleome viscosa,seed,IMPPAT
CL-VI-ST,Cleome viscosa,stem,IMPPAT
CL-VI-WH,Cleome viscosa,whole plant,IMPPAT
CO-GR-AE,Coccinia grandis,aerial parts,IMPPAT
CO-GR-BA,Coccinia grandis,bark,IMPPAT
CO-GR-FL,Coccinia grandis,flower,IMPPAT
CO-GR-FR,Coccinia grandis,fruit,IMPPAT
CO-GR-LE,Coccinia grandis,leaf,IMPPAT
CO-GR-RO,Coccinia grandis,root,IMPPAT
CO-GR-SE,Coccinia grandis,seed,IMPPAT
CO-GR-ST,Coccinia grandis,stem,IMPPAT
CO-GR-WH,Coccinia grandis,whole plant,IMPPAT
CO-FE-BA,Coscinium fenestratum,bark,IMPPAT
CO-FE-RO,Coscinium fenestratum,root,IMPPAT
CO-FE-ST,Coscinium fenestratum,stem,IMPPAT
CO-FE-WH,Coscinium fenestratum,whole plant,IMPPAT
CO-FE-WO,Coscinium fenestratum,wood,IMPPAT
CR-AS-BA,Crinum asiaticum,bark,IMPPAT
CR-AS-BU,Crinum asiaticum,bulb,IMPPAT
CR-AS-FR,Crinum asiaticum,fruit,IMPPAT
CR-AS-LE,Crinum asiaticum,leaf,IMPPAT
CR-AS-RO,Crinum asiaticum,root,IMPPAT
CR-AS-SE,Crinum asiaticum,seed,IMPPAT
CR-AS-TU,Crinum asiaticum,tuber,IMPPAT
CR-AS-WH,Crinum asiaticum,whole plant,IMPPAT
DA-ST-AE,Datura stramonium,aerial parts,IMPPAT
DA-ST-FL,Datura stramonium,flower,IMPPAT
DA-ST-FR,Datura stramonium,fruit,IMPPAT
DA-ST-LE,Datura stramonium,leaf,IMPPAT
DA-ST-RO,Datura stramonium,root,IMPPAT
DA-ST-SE,Datura stramonium,seed,IMPPAT
DA-ST-ST,Datura stramonium,stem,IMPPAT
DA-ST-WH,Datura stramonium,whole plant,IMPPAT
DE-TR-AE,Desmodium triflorum,aerial parts,IMPPAT
DE-TR-FL,Desmodium triflorum,flower,IMPPAT
DE-TR-LE,Desmodium triflorum,leaf,IMPPAT
DE-TR-RO,Desmodium triflorum,root,IMPPAT
DE-TR-WH,Desmodium triflorum,whole plant,IMPPAT
DO-VI-AE,Dodonaea viscosa,aerial parts,IMPPAT
DO-VI-BA,Dodonaea viscosa,bark,IMPPAT
DO-VI-FL,Dodonaea viscosa,flower,IMPPAT
DO-VI-FR,Dodonaea viscosa,fruit,IMPPAT
DO-VI-LE,Dodonaea viscosa,leaf,IMPPAT
DO-VI-PL,Dodonaea viscosa,plant exudate,IMPPAT
DO-VI-RO,Dodonaea viscosa,root,IMPPAT
DO-VI-SE,Dodonaea viscosa,seed,IMPPAT
DO-VI-ST,Dodonaea viscosa,stem,IMPPAT
DO-VI-TU,Dodonaea viscosa,tuber,IMPPAT
DO-VI-WH,Dodonaea viscosa,whole plant,IMPPAT
EC-EC-AE,Echinops echinatus,aerial parts,IMPPAT
EC-EC-FL,Echinops echinatus,flower,IMPPAT
EC-EC-FR,Echinops echinatus,fruit,IMPPAT
EC-EC-LE,Echinops echinatus,leaf,IMPPAT
EC-EC-PL,Echinops echinatus,plant exudate,IMPPAT
EC-EC-RO,Echinops echinatus,root,IMPPAT
EC-EC-SE,Echinops echinatus,seed,IMPPAT
EC-EC-ST,Echinops echinatus,stem,IMPPAT
EC-EC-WH,Echinops echinatus,whole plant,IMPPAT
EC-PR-AE,Eclipta prostrata,aerial parts,IMPPAT
EC-PR-FL,Eclipta prostrata,flower,IMPPAT
EC-PR-FR,Eclipta prostrata,fruit,IMPPAT
EC-PR-LE,Eclipta prostrata,leaf,IMPPAT
EC-PR-RO,Eclipta prostrata,root,IMPPAT
EC-PR-SE,Eclipta prostrata,seed,IMPPAT
EC-PR-ST,Eclipta prostrata,stem,IMPPAT
EC-PR-WH,Eclipta prostrata,whole plant,IMPPAT
EL-SE-AE,Elaeocarpus serratus,aerial parts,IMPPAT
EL-SE-BA,Elaeocarpus serratus,bark,IMPPAT
EL-SE-FR,Elaeocarpus serratus,fruit,IMPPAT
EL-SE-LE,Elaeocarpus serratus,leaf,IMPPAT
EL-SE-SE,Elaeocarpus serratus,seed,IMPPAT
EU-HI-AE,Euphorbia hirta,aerial parts,IMPPAT
EU-HI-BA,Euphorbia hirta,bark,IMPPAT
EU-HI-FL,Euphorbia hirta,flower,IMPPAT
EU-HI-FR,Euphorbia hirta,fruit,IMPPAT
EU-HI-LE,Euphorbia hirta,leaf,IMPPAT
EU-HI-PL,Euphorbia hirta,plant exudate,IMPPAT
EU-HI-RO,Euphorbia hirta,root,IMPPAT
EU-HI-ST,Euphorbia hirta,stem,IMPPAT
EU-HI-WH,Euphorbia hirta,whole plant,IMPPAT
EU-TI-AE,Euphorbia tirucalli,aerial parts,IMPPAT
EU-TI-BA,Euphorbia tirucalli,bark,IMPPAT
EU-TI-LE,Euphorbia tirucalli,leaf,IMPPAT
EU-TI-PL,Euphorbia tirucalli,plant exudate,IMPPAT
EU-TI-RO,Euphorbia tirucalli,root,IMPPAT
EU-TI-ST,Euphorbia tirucalli,stem,IMPPAT
EU-TI-WH,Euphorbia tirucalli,whole plant,IMPPAT
FI-AU-BA,Ficus auriculata,bark,IMPPAT
FI-AU-FR,Ficus auriculata,fruit,IMPPAT
FI-AU-LE,Ficus auriculata,leaf,IMPPAT
FI-AU-ST,Ficus auriculata,stem,IMPPAT
FI-BE-AE,Ficus benjamina,aerial parts,IMPPAT
FI-BE-BA,Ficus benjamina,bark,IMPPAT
FI-BE-FR,Ficus benjamina,fruit,IMPPAT
FI-BE-LE,Ficus benjamina,leaf,IMPPAT
FI-BE-PL,Ficus benjamina,plant exudate,IMPPAT
FI-BE-RO,Ficus benjamina,root,IMPPAT
FI-BE-SE,Ficus benjamina,seed,IMPPAT
FI-RE-BA,Ficus religiosa,bark,IMPPAT
FI-RE-FL,Ficus religiosa,flower,IMPPAT
FI-RE-FR,Ficus religiosa,fruit,IMPPAT
FI-RE-LE,Ficus religiosa,leaf,IMPPAT
FI-RE-PL,Ficus religiosa,plant exudate,IMPPAT
FI-RE-RO,Ficus religiosa,root,IMPPAT
FI-RE-SE,Ficus religiosa,seed,IMPPAT
FI-RE-ST,Ficus religiosa,stem,IMPPAT
GA-MO-BA,Garcinia morella,bark,IMPPAT
GA-MO-LE,Garcinia morella,leaf,IMPPAT
GA-MO-PL,Garcinia morella,plant exudate,IMPPAT
GA-MO-SE,Garcinia morella,seed,IMPPAT
GA-MO-ST,Garcinia morella,stem,IMPPAT
GA-MO-WO,Garcinia morella,wood,IMPPAT
GI-DI-FL,Girardinia diversifolia,flower,IMPPAT
GI-DI-LE,Girardinia diversifolia,leaf,IMPPAT
GI-DI-RO,Girardinia diversifolia,root,IMPPAT
GI-DI-WH,Girardinia diversifolia,whole plant,IMPPAT
GR-MA-AE,Grangea maderaspatana,aerial parts,IMPPAT
GR-MA-FL,Grangea maderaspatana,flower,IMPPAT
GR-MA-FR,Grangea maderaspatana,fruit,IMPPAT
GR-MA-LE,Grangea maderaspatana,leaf,IMPPAT
GR-MA-RO,Grangea maderaspatana,root,IMPPAT
GR-MA-WH,Grangea maderaspatana,whole plant,IMPPAT
HE-IS-AE,Helicteres isora,aerial parts,IMPPAT
HE-IS-BA,Helicteres isora,bark,IMPPAT
HE-IS-FL,Helicteres isora,flower,IMPPAT
HE-IS-FR,Helicteres isora,fruit,IMPPAT
HE-IS-LE,Helicteres isora,leaf,IMPPAT
HE-IS-RO,Helicteres isora,root,IMPPAT
HE-IS-SE,Helicteres isora,seed,IMPPAT
HE-IS-ST,Helicteres isora,stem,IMPPAT
HE-IS-WH,Helicteres isora,whole plant,IMPPAT
HI-RO-AE,Hibiscus rosa-sinensis,aerial parts,IMPPAT
HI-RO-BA,Hibiscus rosa-sinensis,bark,IMPPAT
HI-RO-FL,Hibiscus rosa-sinensis,flower,IMPPAT
HI-RO-FR,Hibiscus rosa-sinensis,fruit,IMPPAT
HI-RO-LE,Hibiscus rosa-sinensis,leaf,IMPPAT
HI-RO-RO,Hibiscus rosa-sinensis,root,IMPPAT
HI-RO-SE,Hibiscus rosa-sinensis,seed,IMPPAT
HI-RO-ST,Hibiscus rosa-sinensis,stem,IMPPAT
HI-RO-WH,Hibiscus rosa-sinensis,whole plant,IMPPAT
HO-PU-BA,Holarrhena pubescens,bark,IMPPAT
HO-PU-FL,Holarrhena pubescens,flower,IMPPAT
HO-PU-FR,Holarrhena pubescens,fruit,IMPPAT
HO-PU-LE,Holarrhena pubescens,leaf,IMPPAT
HO-PU-PL,Holarrhena pubescens,plant exudate,IMPPAT
HO-PU-RO,Holarrhena pubescens,root,IMPPAT
HO-PU-SE,Holarrhena pubescens,seed,IMPPAT
HO-PU-ST,Holarrhena pubescens,stem,IMPPAT
HO-PU-WH,Holarrhena pubescens,whole plant,IMPPAT
IN-LI-FR,Indigofera linifolia,fruit,IMPPAT
IN-LI-LE,Indigofera linifolia,leaf,IMPPAT
IN-LI-RO,Indigofera linifolia,root,IMPPAT
IN-LI-SE,Indigofera linifolia,seed,IMPPAT
IN-LI-WH,Indigofera linifolia,whole plant,IMPPAT
IN-TI-AE,Indigofera tinctoria,aerial parts,IMPPAT
IN-TI-FL,Indigofera tinctoria,flower,IMPPAT
IN-TI-FR,Indigofera tinctoria,fruit,IMPPAT
IN-TI-LE,Indigofera tinctoria,leaf,IMPPAT
IN-TI-RO,Indigofera tinctoria,root,IMPPAT
IN-TI-SE,Indigofera tinctoria,seed,IMPPAT
IN-TI-ST,Indigofera tinctoria,stem,IMPPAT
IN-TI-WH,Indigofera tinctoria,whole plant,IMPPAT
JA-OF-AE,Jasminum officinale,aerial parts,IMPPAT
JA-OF-FL,Jasminum officinale,flower,IMPPAT
JA-OF-FR,Jasminum officinale,fruit,IMPPAT
JA-OF-LE,Jasminum officinale,leaf,IMPPAT
JA-OF-RO,Jasminum officinale,root,IMPPAT
JA-OF-ST,Jasminum officinale,stem,IMPPAT
JA-OF-WH,Jasminum officinale,whole plant,IMPPAT
KI-PI-PL,Kingiodendron pinnatum,plant exudate,IMPPAT
KI-PI-SE,Kingiodendron pinnatum,seed,IMPPAT
LA-BI-AE,Lavandula bipinnata,aerial parts,IMPPAT
LA-BI-FL,Lavandula bipinnata,flower,IMPPAT
LA-BI-LE,Lavandula bipinnata,leaf,IMPPAT
LA-BI-RO,Lavandula bipinnata,root,IMPPAT
LA-BI-ST,Lavandula bipinnata,stem,IMPPAT
LA-BI-WH,Lavandula bipinnata,whole plant,IMPPAT
MA-IN-BA,Mangifera indica,bark,IMPPAT
MA-IN-FL,Mangifera indica,flower,IMPPAT
MA-IN-FR,Mangifera indica,fruit,IMPPAT
MA-IN-LE,Mangifera indica,leaf,IMPPAT
MA-IN-PL,Mangifera indica,plant exudate,IMPPAT
MA-IN-RO,Mangifera indica,root,IMPPAT
MA-IN-SE,Mangifera indica,seed,IMPPAT
MA-IN-ST,Mangifera indica,stem,IMPPAT
MA-IN-WH,Mangifera indica,whole plant,IMPPAT
MA-ZA-BA,Manilkara zapota,bark,IMPPAT
MA-ZA-FR,Manilkara zapota,fruit,IMPPAT
MA-ZA-LE,Manilkara zapota,leaf,IMPPAT
MA-ZA-PL,Manilkara zapota,plant exudate,IMPPAT
MA-ZA-RO,Manilkara zapota,root,IMPPAT
MA-ZA-SE,Manilkara zapota,seed,IMPPAT
MA-ZA-WO,Manilkara zapota,wood,IMPPAT
ME-SP-AE,Mentha spicata,aerial parts,IMPPAT
ME-SP-FL,Mentha spicata,flower,IMPPAT
ME-SP-FR,Mentha spicata,fruit,IMPPAT
ME-SP-LE,Mentha spicata,leaf,IMPPAT
ME-SP-RO,Mentha spicata,root,IMPPAT
ME-SP-ST,Mentha spicata,stem,IMPPAT
ME-SP-WH,Mentha spicata,whole plant,IMPPAT
MO-OL-AE,Moringa oleifera,aerial parts,IMPPAT
MO-OL-BA,Moringa oleifera,bark,IMPPAT
MO-OL-FL,Moringa oleifera,flower,IMPPAT
MO-OL-FR,Moringa oleifera,fruit,IMPPAT
MO-OL-LE,Moringa oleifera,leaf,IMPPAT
MO-OL-PL,Moringa oleifera,plant exudate,IMPPAT
MO-OL-RO,Moringa oleifera,root,IMPPAT
MO-OL-SE,Moringa oleifera,seed,IMPPAT
MO-OL-ST,Moringa oleifera,stem,IMPPAT
MO-OL-WH,Moringa oleifera,whole plant,IMPPAT
MU-PR-BA,Mucuna pruriens,bark,IMPPAT
MU-PR-FR,Mucuna pruriens,fruit,IMPPAT
MU-PR-LE,Mucuna pruriens,leaf,IMPPAT
MU-PR-RO,Mucuna pruriens,root,IMPPAT
MU-PR-SE,Mucuna pruriens,seed,IMPPAT
MU-PR-ST,Mucuna pruriens,stem,IMPPAT
MU-CA-FL,Muntingia calabura,flower,IMPPAT
MU-CA-FR,Muntingia calabura,fruit,IMPPAT
MU-CA-LE,Muntingia calabura,leaf,IMPPAT
MU-CA-RO,Muntingia calabura,root,IMPPAT
MU-KO-AE,Murraya koenigii,aerial parts,IMPPAT
MU-KO-BA,Murraya koenigii,bark,IMPPAT
MU-KO-FL,Murraya koenigii,flower,IMPPAT
MU-KO-FR,Murraya koenigii,fruit,IMPPAT
MU-KO-LE,Murraya koenigii,leaf,IMPPAT
MU-KO-RO,Murraya koenigii,root,IMPPAT
MU-KO-SE,Murraya koenigii,seed,IMPPAT
MU-KO-ST,Murraya koenigii,stem,IMPPAT
MU-KO-WH,Murraya koenigii,whole plant,IMPPAT
MU-KO-WO,Murraya koenigii,wood,IMPPAT
MY-MA-FR,Myristica malabarica,fruit,IMPPAT
MY-MA-LE,Myristica malabarica,leaf,IMPPAT
MY-MA-SE,Myristica malabarica,seed,IMPPAT
NE-NU-AE,Nelumbo nucifera,aerial parts,IMPPAT
NE-NU-BA,Nelumbo nucifera,bark,IMPPAT
NE-NU-FL,Nelumbo nucifera,flower,IMPPAT
NE-NU-FR,Nelumbo nucifera,fruit,IMPPAT
NE-NU-LE,Nelumbo nucifera,leaf,IMPPAT
NE-NU-RH,Nelumbo nucifera,rhizome,IMPPAT
NE-NU-RO,Nelumbo nucifera,root,IMPPAT
NE-NU-SE,Nelumbo nucifera,seed,IMPPAT
NE-NU-ST,Nelumbo nucifera,stem,IMPPAT
NE-NU-TU,Nelumbo nucifera,tuber,IMPPAT
NE-OL-BA,Nerium oleander,bark,IMPPAT
NE-OL-FL,Nerium oleander,flower,IMPPAT
NE-OL-FR,Nerium oleander,fruit,IMPPAT
NE-OL-LE,Nerium oleander,leaf,IMPPAT
NE-OL-PL,Nerium oleander,plant exudate,IMPPAT
NE-OL-RH,Nerium oleander,rhizome,IMPPAT
NE-OL-RO,Nerium oleander,root,IMPPAT
NE-OL-SE,Nerium oleander,seed,IMPPAT
NE-OL-ST,Nerium oleander,stem,IMPPAT
NE-OL-WH,Nerium oleander,whole plant,IMPPAT
NY-AR-AE,Nyctanthes arbor-tristis,aerial parts,IMPPAT
NY-AR-BA,Nyctanthes arbor-tristis,bark,IMPPAT
NY-AR-FL,Nyctanthes arbor-tristis,flower,IMPPAT
NY-AR-FR,Nyctanthes arbor-tristis,fruit,IMPPAT
NY-AR-LE,Nyctanthes arbor-tristis,leaf,IMPPAT
NY-AR-RH,Nyctanthes arbor-tristis,rhizome,IMPPAT
NY-AR-RO,Nyctanthes arbor-tristis,root,IMPPAT
NY-AR-SE,Nyctanthes arbor-tristis,seed,IMPPAT
NY-AR-ST,Nyctanthes arbor-tristis,stem,IMPPAT
NY-AR-WH,Nyctanthes arbor-tristis,whole plant,IMPPAT
OC-TE-AE,Ocimum tenuiflorum,aerial parts,IMPPAT
OC-TE-BA,Ocimum tenuiflorum,bark,IMPPAT
OC-TE-FL,Ocimum tenuiflorum,flower,IMPPAT
OC-TE-FR,Ocimum tenuiflorum,fruit,IMPPAT
OC-TE-LE,Ocimum tenuiflorum,leaf,IMPPAT
OC-TE-RH,Ocimum tenuiflorum,rhizome,IMPPAT
OC-TE-RO,Ocimum tenuiflorum,root,IMPPAT
OC-TE-SE,Ocimum tenuiflorum,seed,IMPPAT
OC-TE-ST,Ocimum tenuiflorum,stem,IMPPAT
OC-TE-WH,Ocimum tenuiflorum,whole plant,IMPPAT
PE-AM-FR,Persea americana,fruit,IMPPAT
PE-AM-LE,Persea americana,leaf,IMPPAT
PH-AC-BA,Phyllanthus acidus,bark,IMPPAT
PH-AC-FR,Phyllanthus acidus,fruit,IMPPAT
PH-AC-LE,Phyllanthus acidus,leaf,IMPPAT
PH-AC-RO,Phyllanthus acidus,root,IMPPAT
PH-AC-SE,Phyllanthus acidus,seed,IMPPAT
PH-RE-AE,Phyllanthus reticulatus,aerial parts,IMPPAT
PH-RE-BA,Phyllanthus reticulatus,bark,IMPPAT
PH-RE-FL,Phyllanthus reticulatus,flower,IMPPAT
PH-RE-FR,Phyllanthus reticulatus,fruit,IMPPAT
PH-RE-LE,Phyllanthus reticulatus,leaf,IMPPAT
PH-RE-RO,Phyllanthus reticulatus,root,IMPPAT
PH-RE-SE,Phyllanthus reticulatus,seed,IMPPAT
PH-RE-ST,Phyllanthus reticulatus,stem,IMPPAT
PH-RE-WH,Phyllanthus reticulatus,whole plant,IMPPAT
PI-BE-FR,Piper betle,fruit,IMPPAT
PI-BE-LE,Piper betle,leaf,IMPPAT
PI-BE-RO,Piper betle,root,IMPPAT
PI-BE-WH,Piper betle,whole plant,IMPPAT
PL-AM-AE,Plectranthus amboinicus,aerial parts,IMPPAT
PL-AM-LE,Plectranthus amboinicus,leaf,IMPPAT
PL-AM-RO,Plectranthus amboinicus,root,IMPPAT
PL-AM-WH,Plectranthus amboinicus,whole plant,IMPPAT
PL-CA-AE,Plectranthus caninus,aerial parts,IMPPAT
PL-CA-LE,Plectranthus caninus,leaf,IMPPAT
PL-CA-ST,Plectranthus caninus,stem,IMPPAT
PO-PI-BA,Pongamia pinnata,bark,IMPPAT
PO-PI-FL,Pongamia pinnata,flower,IMPPAT
PO-PI-FR,Pongamia pinnata,fruit,IMPPAT
PO-PI-LE,Pongamia pinnata,leaf,IMPPAT
PO-PI-PL,Pongamia pinnata,plant exudate,IMPPAT
PO-PI-RO,Pongamia pinnata,root,IMPPAT
PO-PI-SE,Pongamia pinnata,seed,IMPPAT
PO-PI-ST,Pongamia pinnata,stem,IMPPAT
PO-PI-WO,Pongamia pinnata,wood,IMPPAT
PS-GU-AE,Psidium guajava,aerial parts,IMPPAT
PS-GU-BA,Psidium guajava,bark,IMPPAT
PS-GU-FL,Psidium guajava,flower,IMPPAT
PS-GU-FR,Psidium guajava,fruit,IMPPAT
PS-GU-LE,Psidium guajava,leaf,IMPPAT
PS-GU-RO,Psidium guajava,root,IMPPAT
PS-GU-SE,Psidium guajava,seed,IMPPAT
PS-GU-ST,Psidium guajava,stem,IMPPAT
PS-GU-WH,Psidium guajava,whole plant,IMPPAT
PS-GU-WO,Psidium guajava,wood,IMPPAT
PU-GR-BA,Punica granatum,bark,IMPPAT
PU-GR-FL,Punica granatum,flower,IMPPAT
PU-GR-FR,Punica granatum,fruit,IMPPAT
PU-GR-LE,Punica granatum,leaf,IMPPAT
PU-GR-RO,Punica granatum,root,IMPPAT
PU-GR-SE,Punica granatum,seed,IMPPAT
PU-GR-ST,Punica granatum,stem,IMPPAT
PU-GR-WH,Punica granatum,whole plant,IMPPAT
PU-GR-WO,Punica granatum,wood,IMPPAT
RU-CO-FR,Rubia cordifolia,fruit,IMPPAT
RU-CO-RH,Rubia cordifolia,rhizome,IMPPAT
RU-CO-RO,Rubia cordifolia,root,IMPPAT
RU-CO-ST,Rubia cordifolia,stem,IMPPAT
RU-CO-WH,Rubia cordifolia,whole plant,IMPPAT
SA-AL-BA,Santalum album,bark,IMPPAT
SA-AL-FR,Santalum album,fruit,IMPPAT
SA-AL-LE,Santalum album,leaf,IMPPAT
SA-AL-RO,Santalum album,root,IMPPAT
SA-AL-SE,Santalum album,seed,IMPPAT
SA-AL-WO,Santalum album,wood,IMPPAT
SA-AS-BA,Saraca asoca,bark,IMPPAT
SA-AS-FL,Saraca asoca,flower,IMPPAT
SA-AS-FR,Saraca asoca,fruit,IMPPAT
SA-AS-LE,Saraca asoca,leaf,IMPPAT
SA-AS-PL,Saraca asoca,plant exudate,IMPPAT
SA-AS-SE,Saraca asoca,seed,IMPPAT
SA-AS-ST,Saraca asoca,stem,IMPPAT
SA-AS-WO,Saraca asoca,wood,IMPPAT
SP-OL-AE,Spinacia oleracea,aerial parts,IMPPAT
SP-OL-FL,Spinacia oleracea,flower,IMPPAT
SP-OL-LE,Spinacia oleracea,leaf,IMPPAT
SP-OL-RO,Spinacia oleracea,root,IMPPAT
SP-OL-SE,Spinacia oleracea,seed,IMPPAT
SP-OL-WH,Spinacia oleracea,whole plant,IMPPAT
SY-CU-BA,Syzygium cumini,bark,IMPPAT
SY-CU-FL,Syzygium cumini,flower,IMPPAT
SY-CU-FR,Syzygium cumini,fruit,IMPPAT
SY-CU-LE,Syzygium cumini,leaf,IMPPAT
SY-CU-RO,Syzygium cumini,root,IMPPAT
SY-CU-SE,Syzygium cumini,seed,IMPPAT
SY-CU-ST,Syzygium cumini,stem,IMPPAT
SY-JA-BA,Syzygium jambos,bark,IMPPAT
SY-JA-FR,Syzygium jambos,fruit,IMPPAT
SY-JA-LE,Syzygium jambos,leaf,IMPPAT
SY-JA-SE,Syzygium jambos,seed,IMPPAT
TA-DI-BA,Tabernaemontana divaricata,bark,IMPPAT
TA-DI-FL,Tabernaemontana divaricata,flower,IMPPAT
TA-DI-FR,Tabernaemontana divaricata,fruit,IMPPAT
TA-DI-LE,Tabernaemontana divaricata,leaf,IMPPAT
TA-DI-PL,Tabernaemontana divaricata,plant exudate,IMPPAT
TA-DI-RO,Tabernaemontana divaricata,root,IMPPAT
TA-DI-SE,Tabernaemontana divaricata,seed,IMPPAT
TA-DI-ST,Tabernaemontana divaricata,stem,IMPPAT
TA-DI-WO,Tabernaemontana divaricata,wood,IMPPAT
TA-ER-AE,Tagetes erecta,aerial parts,IMPPAT
TA-ER-FL,Tagetes erecta,flower,IMPPAT
TA-ER-LE,Tagetes erecta,leaf,IMPPAT
TA-ER-RO,Tagetes erecta,root,IMPPAT
TA-ER-SE,Tagetes erecta,seed,IMPPAT
TA-ER-WH,Tagetes erecta,whole plant,IMPPAT
TR-FO-AE,Trigonella foenum-graecum,aerial parts,IMPPAT
TR-FO-LE,Trigonella foenum-graecum,leaf,IMPPAT
TR-FO-PL,Trigonella foenum-graecum,plant exudate,IMPPAT
TR-FO-SE,Trigonella foenum-graecum,seed,IMPPAT
TR-FO-ST,Trigonella foenum-graecum,stem,IMPPAT
UR-LO-AE,Urena lobata,aerial parts,IMPPAT
UR-LO-FL,Urena lobata,flower,IMPPAT
UR-LO-LE,Urena lobata,leaf,IMPPAT
UR-LO-RO,Urena lobata,root,IMPPAT
UR-LO-ST,Urena lobata,stem,IMPPAT
UR-LO-WH,Urena lobata,whole plant,IMPPAT
CI-SI-AE,Citrus sinensis,aerial parts,IMPPAT
CI-SI-FL,Citrus sinensis,flower,IMPPAT
CI-SI-FR,Citrus sinensis,fruit,IMPPAT
CI-SI-LE,Citrus sinensis,leaf,IMPPAT
CI-SI-RO,Citrus sinensis,root,IMPPAT
CI-SI-SE,Citrus sinensis,seed,IMPPAT
CI-SI-WH,Citrus sinensis,whole plant,IMPPAT
CU-LO-BU,Curcuma longa,bulb,IMPPAT
CU-LO-FL,Curcuma longa,flower,IMPPAT
CU-LO-FR,Curcuma longa,fruit,IMPPAT
CU-LO-LE,Curcuma longa,leaf,IMPPAT
CU-LO-RH,Curcuma longa,rhizome,IMPPAT
CU-LO-RO,Curcuma longa,root,IMPPAT
CU-LO-ST,Curcuma longa,stem,IMPPAT
CU-LO-TU,Curcuma longa,tuber,IMPPAT
CU-LO-WH,Curcuma longa,whole plant,IMPPAT
CU-SA-FL,Cucumis sativus,flower,IMPPAT
CU-SA-FR,Cucumis sativus,fruit,IMPPAT
CU-SA-LE,Cucumis sativus,leaf,IMPPAT
CU-SA-SE,Cucumis sativus,seed,IMPPAT
HI-SY-BA,Hibiscus syriacus,bark,IMPPAT
HI-SY-FL,Hibiscus syriacus,flower,IMPPAT
HI-SY-LE,Hibiscus syriacus,leaf,IMPPAT
HI-SY-RO,Hibiscus syriacus,root,IMPPAT
HI-SY-SE,Hibiscus syriacus,seed,IMPPAT
HI-SY-ST,Hibiscus syriacus,stem,IMPPAT
