target_chembl_id,uniprot_id,target_name,target_organism,target_type
CHEMBL2047,Q96RI1,Bile acid receptor,Homo sapiens,SINGLE PROTEIN
CHEMBL335,P18031,Tyrosine-protein phosphatase non-receptor type 1,Homo sapiens,SINGLE PROTEIN
CHEMBL204,P00734,Prothrombin,Homo sapiens,SINGLE PROTEIN
CHEMBL261,P00915,Carbonic anhydrase 1,Homo sapiens,SINGLE PROTEIN
CHEMBL3242,O43570,Carbonic anhydrase 12,Homo sapiens,SINGLE PROTEIN
CHEMBL4789,P35218,"Carbonic anhydrase 5A, mitochondrial",Homo sapiens,SINGLE PROTEIN
CHEMBL3510,Q9ULX7,Carbonic anhydrase 14,Homo sapiens,SINGLE PROTEIN
CHEMBL3594,Q16790,Carbonic anhydrase 9,Homo sapiens,SINGLE PROTEIN
CHEMBL2326,P43166,Carbonic anhydrase 7,Homo sapiens,SINGLE PROTEIN
CHEMBL3025,P23280,Carbonic anhydrase 6,Homo sapiens,SINGLE PROTEIN
CHEMBL3969,Q9Y2D0,"Carbonic anhydrase 5B, mitochondrial",Homo sapiens,SINGLE PROTEIN
CHEMBL3729,P22748,Carbonic anhydrase 4,Homo sapiens,SINGLE PROTEIN
CHEMBL2885,P07451,Carbonic anhydrase 3,Homo sapiens,SINGLE PROTEIN
CHEMBL205,P00918,Carbonic anhydrase 2,Homo sapiens,SINGLE PROTEIN
CHEMBL1973,P14679,Tyrosinase,Homo sapiens,SINGLE PROTEIN
CHEMBL2056,P21728,D(1A) dopamine receptor,Homo sapiens,SINGLE PROTEIN
CHEMBL242,Q92731,Estrogen receptor beta,Homo sapiens,SINGLE PROTEIN
CHEMBL206,P03372,Estrogen receptor,Homo sapiens,SINGLE PROTEIN
CHEMBL2508,Q00534,Cyclin-dependent kinase 6,Homo sapiens,SINGLE PROTEIN
CHEMBL1978,P11511,Aromatase,Homo sapiens,SINGLE PROTEIN
CHEMBL230,P35354,Prostaglandin G/H synthase 2,Homo sapiens,SINGLE PROTEIN
CHEMBL1929,P47989,Xanthine dehydrogenase/oxidase,Homo sapiens,SINGLE PROTEIN
CHEMBL3181,P14061,17-beta-hydroxysteroid dehydrogenase type 1,Homo sapiens,SINGLE PROTEIN
CHEMBL3629,P68400,Casein kinase II subunit alpha,Homo sapiens,SINGLE PROTEIN
CHEMBL3004,P33527,Multidrug resistance-associated protein 1,Homo sapiens,SINGLE PROTEIN
CHEMBL1871,P10275,Androgen receptor,Homo sapiens,SINGLE PROTEIN
CHEMBL1951,P21397,Amine oxidase [flavin-containing] A,Homo sapiens,SINGLE PROTEIN
CHEMBL3356,P05177,Cytochrome P450 1A2,Homo sapiens,SINGLE PROTEIN
CHEMBL2231,P04798,Cytochrome P450 1A1,Homo sapiens,SINGLE PROTEIN
CHEMBL4878,Q16678,Cytochrome P450 1B1,Homo sapiens,SINGLE PROTEIN
CHEMBL1250375,Q9NPH5,NADPH oxidase 4,Homo sapiens,SINGLE PROTEIN
CHEMBL1963,P16473,Thyrotropin receptor,Homo sapiens,SINGLE PROTEIN
CHEMBL1075138,Q9NUW8,Tyrosyl-DNA phosphodiesterase 1,Homo sapiens,SINGLE PROTEIN
CHEMBL1293224,P10636,Microtubule-associated protein tau,Homo sapiens,SINGLE PROTEIN
CHEMBL3622,P33261,Cytochrome P450 2C19,Homo sapiens,SINGLE PROTEIN
CHEMBL4261,Q16665,Hypoxia-inducible factor 1-alpha,Homo sapiens,SINGLE PROTEIN
CHEMBL3577,P00352,Aldehyde dehydrogenase 1A1,Homo sapiens,SINGLE PROTEIN
CHEMBL1075189,P14618,Pyruvate kinase PKM,Homo sapiens,SINGLE PROTEIN
CHEMBL2903,P16050,Polyunsaturated fatty acid lipoxygenase ALOX15,Homo sapiens,SINGLE PROTEIN
CHEMBL1293277,O15118,NPC intracellular cholesterol transporter 1,Homo sapiens,SINGLE PROTEIN
CHEMBL1293227,O75604,Ubiquitin carboxyl-terminal hydrolase 2,Homo sapiens,SINGLE PROTEIN
CHEMBL1293255,P15428,15-hydroxyprostaglandin dehydrogenase [NAD(+)],Homo sapiens,SINGLE PROTEIN
CHEMBL1293256,P40225,Thrombopoietin,Homo sapiens,SINGLE PROTEIN
CHEMBL4096,P04637,Cellular tumor antigen p53,Homo sapiens,SINGLE PROTEIN
CHEMBL4159,Q99714,3-hydroxyacyl-CoA dehydrogenase type-2,Homo sapiens,SINGLE PROTEIN
CHEMBL340,P08684,Cytochrome P450 3A4,Homo sapiens,SINGLE PROTEIN
CHEMBL3397,P11712,Cytochrome P450 2C9,Homo sapiens,SINGLE PROTEIN
CHEMBL5393,Q9UNQ0,Broad substrate specificity ATP-binding cassette transporter ABCG2,Homo sapiens,SINGLE PROTEIN
CHEMBL2179,P04062,Lysosomal acid glucosylceramidase,Homo sapiens,SINGLE PROTEIN
CHEMBL1741209,Q96QE3,ATPase family AAA domain-containing protein 5,Homo sapiens,SINGLE PROTEIN
CHEMBL1075094,Q16236,Nuclear factor erythroid 2-related factor 2,Homo sapiens,SINGLE PROTEIN
CHEMBL1741210,Q99549,M-phase phosphoprotein 8,Homo sapiens,SINGLE PROTEIN
CHEMBL4302,P08183,ATP-dependent translocase ABCB1,Homo sapiens,SINGLE PROTEIN
CHEMBL1795085,Q99700,Ataxin-2,Homo sapiens,SINGLE PROTEIN
CHEMBL2034,P04150,Glucocorticoid receptor,Homo sapiens,SINGLE PROTEIN
CHEMBL235,P37231,Peroxisome proliferator-activated receptor gamma,Homo sapiens,SINGLE PROTEIN
CHEMBL1795087,O94782,Ubiquitin carboxyl-terminal hydrolase 1,Homo sapiens,SINGLE PROTEIN
CHEMBL1741186,P51449,Nuclear receptor ROR-gamma,Homo sapiens,SINGLE PROTEIN
CHEMBL2599,P43405,Tyrosine-protein kinase SYK,Homo sapiens,SINGLE PROTEIN
CHEMBL262,P49841,Glycogen synthase kinase-3 beta,Homo sapiens,SINGLE PROTEIN
CHEMBL220,P22303,Acetylcholinesterase,Homo sapiens,SINGLE PROTEIN
CHEMBL1974,P36888,Receptor-type tyrosine-protein kinase FLT3,Homo sapiens,SINGLE PROTEIN
CHEMBL6154,Q9H2K2,Poly [ADP-ribose] polymerase tankyrase-2,Homo sapiens,SINGLE PROTEIN
CHEMBL6164,O95271,Poly [ADP-ribose] polymerase tankyrase-1,Homo sapiens,SINGLE PROTEIN
CHEMBL2193,P15289,Arylsulfatase A,Homo sapiens,SINGLE PROTEIN
CHEMBL4051,P13569,Cystic fibrosis transmembrane conductance regulator,Homo sapiens,SINGLE PROTEIN
CHEMBL3194,P02766,Transthyretin,Homo sapiens,SINGLE PROTEIN
CHEMBL5983,O60218,Aldo-keto reductase family 1 member B10,Homo sapiens,SINGLE PROTEIN
CHEMBL2439,P05164,Myeloperoxidase,Homo sapiens,SINGLE PROTEIN
CHEMBL2039,P27338,Amine oxidase [flavin-containing] B,Homo sapiens,SINGLE PROTEIN
CHEMBL1293235,P02545,Prelamin-A/C,Homo sapiens,SINGLE PROTEIN
CHEMBL1293226,B2RXH2,Lysine-specific demethylase 4E,Homo sapiens,SINGLE PROTEIN
CHEMBL6032,Q96KQ7,Histone-lysine N-methyltransferase EHMT2,Homo sapiens,SINGLE PROTEIN
CHEMBL5365,Q9UBT6,DNA polymerase kappa,Homo sapiens,SINGLE PROTEIN
CHEMBL2146302,O94925,"Glutaminase kidney isoform, mitochondrial",Homo sapiens,SINGLE PROTEIN
CHEMBL5619,P27695,DNA repair nuclease/redox regulator APEX1,Homo sapiens,SINGLE PROTEIN
CHEMBL3596077,Q11130,"Alpha-(1,3)-fucosyltransferase 7",Homo sapiens,SINGLE PROTEIN
CHEMBL284,P27487,Dipeptidyl peptidase 4,Homo sapiens,SINGLE PROTEIN
CHEMBL3713355,Q10471,Polypeptide N-acetylgalactosaminyltransferase 2,Homo sapiens,SINGLE PROTEIN
CHEMBL6152,P37840,Alpha-synuclein,Homo sapiens,SINGLE PROTEIN
CHEMBL215,P09917,Polyunsaturated fatty acid 5-lipoxygenase,Homo sapiens,SINGLE PROTEIN
CHEMBL3201,P35869,Aryl hydrocarbon receptor,Homo sapiens,SINGLE PROTEIN
CHEMBL2789,P37059,17-beta-hydroxysteroid dehydrogenase type 2,Homo sapiens,SINGLE PROTEIN
CHEMBL289,P10635,Cytochrome P450 2D6,Homo sapiens,SINGLE PROTEIN
CHEMBL240,Q12809,Voltage-gated inwardly rectifying potassium channel KCNH2,Homo sapiens,SINGLE PROTEIN
CHEMBL1795098,Q9GZU7,Carboxy-terminal domain RNA polymerase II polypeptide A small phosphatase 1,Homo sapiens,SINGLE PROTEIN
CHEMBL1900,P15121,Aldo-keto reductase family 1 member B1,Homo sapiens,SINGLE PROTEIN
CHEMBL3429,P11474,Steroid hormone receptor ERR1,Homo sapiens,SINGLE PROTEIN
CHEMBL2558,P53355,Death-associated protein kinase 1,Homo sapiens,SINGLE PROTEIN
CHEMBL1795168,Q9NZ45,CDGSH iron-sulfur domain-containing protein 1,Homo sapiens,SINGLE PROTEIN
CHEMBL2535,P11166,"Solute carrier family 2, facilitated glucose transporter member 1",Homo sapiens,SINGLE PROTEIN
CHEMBL4523488,Q9UHH9,Inositol hexakisphosphate kinase 2,Homo sapiens,SINGLE PROTEIN
CHEMBL4523401,Q8NFU5,Inositol polyphosphate multikinase,Homo sapiens,SINGLE PROTEIN
CHEMBL1250411,Q9UL62,Short transient receptor potential channel 5,Homo sapiens,SINGLE PROTEIN
CHEMBL2073,P07947,Tyrosine-protein kinase Yes,Homo sapiens,SINGLE PROTEIN
CHEMBL1865,Q9UBN7,Protein deacetylase HDAC6,Homo sapiens,SINGLE PROTEIN
CHEMBL2345,P51812,Ribosomal protein S6 kinase alpha-3,Homo sapiens,SINGLE PROTEIN
CHEMBL1293278,O75496,Geminin,Homo sapiens,SINGLE PROTEIN
CHEMBL2424,Q04760,Lactoylglutathione lyase,Homo sapiens,SINGLE PROTEIN
CHEMBL1981,P06213,Insulin receptor,Homo sapiens,SINGLE PROTEIN
CHEMBL2428,Q15746,"Myosin light chain kinase, smooth muscle",Homo sapiens,SINGLE PROTEIN
CHEMBL1293236,P46063,ATP-dependent DNA helicase Q1,Homo sapiens,SINGLE PROTEIN
CHEMBL1287622,Q9Y468,Lethal(3)malignant brain tumor-like protein 1,Homo sapiens,SINGLE PROTEIN
CHEMBL2392,P06746,DNA polymerase beta,Homo sapiens,SINGLE PROTEIN
CHEMBL5896,O75164,Lysine-specific demethylase 4A,Homo sapiens,SINGLE PROTEIN
CHEMBL1741217,Q9HC16,DNA dC->dU-editing enzyme APOBEC-3G,Homo sapiens,SINGLE PROTEIN
CHEMBL2457,O15296,Polyunsaturated fatty acid lipoxygenase ALOX15B,Homo sapiens,SINGLE PROTEIN
CHEMBL2288,Q13526,Peptidyl-prolyl cis-trans isomerase NIMA-interacting 1,Homo sapiens,SINGLE PROTEIN
CHEMBL5027,P39748,Flap endonuclease 1,Homo sapiens,SINGLE PROTEIN
CHEMBL1741193,P83916,Chromobox protein homolog 1,Homo sapiens,SINGLE PROTEIN
CHEMBL5391,Q9UNA4,DNA polymerase iota,Homo sapiens,SINGLE PROTEIN
CHEMBL5542,Q9Y253,DNA polymerase eta,Homo sapiens,SINGLE PROTEIN
CHEMBL1795091,P49798,Regulator of G-protein signaling 4,Homo sapiens,SINGLE PROTEIN
CHEMBL1293267,Q9HC97,G-protein coupled receptor 35,Homo sapiens,SINGLE PROTEIN
CHEMBL2146312,Q14191,Bifunctional 3'-5' exonuclease/ATP-dependent helicase WRN,Homo sapiens,SINGLE PROTEIN
CHEMBL1806,P11388,DNA topoisomerase 2-alpha,Homo sapiens,SINGLE PROTEIN
CHEMBL4822,P56817,Beta-secretase 1,Homo sapiens,SINGLE PROTEIN
CHEMBL2029198,Q8WZA2,Rap guanine nucleotide exchange factor 4,Homo sapiens,SINGLE PROTEIN
CHEMBL3024,P53350,Serine/threonine-protein kinase PLK1,Homo sapiens,SINGLE PROTEIN
CHEMBL2487,P05067,Amyloid-beta precursor protein,Homo sapiens,SINGLE PROTEIN
CHEMBL3267,P48736,"Phosphatidylinositol 4,5-bisphosphate 3-kinase catalytic subunit gamma isoform",Homo sapiens,SINGLE PROTEIN
CHEMBL4105924,Q14576,ELAV-like protein 3,Homo sapiens,SINGLE PROTEIN
CHEMBL5145,P15056,Serine/threonine-protein kinase B-raf,Homo sapiens,SINGLE PROTEIN
CHEMBL2147,P11309,Serine/threonine-protein kinase pim-1,Homo sapiens,SINGLE PROTEIN
CHEMBL4662,P28074,Proteasome Macropain subunit MB1,Homo sapiens,SINGLE PROTEIN
CHEMBL3736,Q9BYF1,Angiotensin-converting enzyme 2,Homo sapiens,SINGLE PROTEIN
CHEMBL1293317,Q9NR56,Muscleblind-like protein 1,Homo sapiens,SINGLE PROTEIN
CHEMBL1812,P16233,Pancreatic triacylglycerol lipase,Homo sapiens,SINGLE PROTEIN
CHEMBL4005,P42336,"Phosphatidylinositol 4,5-bisphosphate 3-kinase catalytic subunit alpha isoform",Homo sapiens,SINGLE PROTEIN
CHEMBL5925,P22413,Ectonucleotide pyrophosphatase/phosphodiesterase family member 1,Homo sapiens,SINGLE PROTEIN
CHEMBL2331065,Q9C0B1,Alpha-ketoglutarate-dependent dioxygenase FTO,Homo sapiens,SINGLE PROTEIN
CHEMBL3687,P18054,Polyunsaturated fatty acid lipoxygenase ALOX12,Homo sapiens,SINGLE PROTEIN
CHEMBL2506,P27986,Phosphatidylinositol 3-kinase regulatory subunit alpha,Homo sapiens,SINGLE PROTEIN
CHEMBL4426,P04054,Phospholipase A2,Homo sapiens,SINGLE PROTEIN
CHEMBL203,P00533,Epidermal growth factor receptor,Homo sapiens,SINGLE PROTEIN
CHEMBL219,P21917,D(4) dopamine receptor,Homo sapiens,SINGLE PROTEIN
CHEMBL308,P06493,Cyclin-dependent kinase 1,Homo sapiens,SINGLE PROTEIN
CHEMBL3251,P19838,Nuclear factor NF-kappa-B p105 subunit,Homo sapiens,SINGLE PROTEIN
CHEMBL5401,P42226,Signal transducer and activator of transcription 6,Homo sapiens,SINGLE PROTEIN
CHEMBL5162,Q6W5P4,Neuropeptide S receptor,Homo sapiens,SINGLE PROTEIN
CHEMBL1916,P18825,Alpha-2C adrenergic receptor,Homo sapiens,SINGLE PROTEIN
CHEMBL1867,P08913,Alpha-2A adrenergic receptor,Homo sapiens,SINGLE PROTEIN
CHEMBL4040,P28482,Mitogen-activated protein kinase 1,Homo sapiens,SINGLE PROTEIN
CHEMBL2608,P10253,Lysosomal alpha-glucosidase,Homo sapiens,SINGLE PROTEIN
CHEMBL1075144,Q9GZQ4,Neuromedin-U receptor 2,Homo sapiens,SINGLE PROTEIN
CHEMBL6136,O60341,Lysine-specific histone demethylase 1A,Homo sapiens,SINGLE PROTEIN
CHEMBL2311236,P09429,High mobility group protein B1,Homo sapiens,SINGLE PROTEIN
CHEMBL1293232,Q16637,Survival motor neuron protein,Homo sapiens,SINGLE PROTEIN
CHEMBL4660,P28907,ADP-ribosyl cyclase/cyclic ADP-ribose hydrolase 1,Homo sapiens,SINGLE PROTEIN
CHEMBL333,P08253,72 kDa type IV collagenase,Homo sapiens,SINGLE PROTEIN
CHEMBL321,P14780,Matrix metalloproteinase-9,Homo sapiens,SINGLE PROTEIN
CHEMBL4393,P39900,Macrophage metalloelastase,Homo sapiens,SINGLE PROTEIN
CHEMBL3105,P09874,Poly [ADP-ribose] polymerase 1,Homo sapiens,SINGLE PROTEIN
CHEMBL1293237,P54132,RecQ-like DNA helicase BLM,Homo sapiens,SINGLE PROTEIN
CHEMBL4422,O14842,Free fatty acid receptor 1,Homo sapiens,SINGLE PROTEIN
CHEMBL3344,P05413,"Fatty acid-binding protein, heart",Homo sapiens,SINGLE PROTEIN
CHEMBL2083,P15090,"Fatty acid-binding protein, adipocyte",Homo sapiens,SINGLE PROTEIN
CHEMBL2061,P19793,Retinoic acid receptor RXR-alpha,Homo sapiens,SINGLE PROTEIN
CHEMBL239,Q07869,Peroxisome proliferator-activated receptor alpha,Homo sapiens,SINGLE PROTEIN
CHEMBL3979,Q03181,Peroxisome proliferator-activated receptor delta,Homo sapiens,SINGLE PROTEIN
CHEMBL5339,Q5NUL3,Free fatty acid receptor 4,Homo sapiens,SINGLE PROTEIN
CHEMBL4681,P42330,Aldo-keto reductase family 1 member C3,Homo sapiens,SINGLE PROTEIN
CHEMBL4163,O60603,Toll-like receptor 2,Homo sapiens,SINGLE PROTEIN
CHEMBL2362981,Q13148,TAR DNA-binding protein 43,Homo sapiens,SINGLE PROTEIN
CHEMBL3714079,Q9NQS5,G-protein coupled receptor 84,Homo sapiens,SINGLE PROTEIN
CHEMBL3310,Q96DB2,Histone deacetylase 11,Homo sapiens,SINGLE PROTEIN
CHEMBL3674,Q01469,Fatty acid-binding protein 5,Homo sapiens,SINGLE PROTEIN
CHEMBL2243,O00519,Fatty-acid amide hydrolase 1,Homo sapiens,SINGLE PROTEIN
CHEMBL5421,P07148,"Fatty acid-binding protein, liver",Homo sapiens,SINGLE PROTEIN
CHEMBL1793,Q03431,Parathyroid hormone/parathyroid hormone-related peptide receptor,Homo sapiens,SINGLE PROTEIN
CHEMBL2029197,O95398,Rap guanine nucleotide exchange factor 3,Homo sapiens,SINGLE PROTEIN
CHEMBL2916,O14746,Telomerase reverse transcriptase,Homo sapiens,SINGLE PROTEIN
CHEMBL4879,P12104,"Fatty acid-binding protein, intestinal",Homo sapiens,SINGLE PROTEIN
CHEMBL4523454,Q9H255,Olfactory receptor 51E2,Homo sapiens,SINGLE PROTEIN
CHEMBL1977,P11473,Vitamin D3 receptor,Homo sapiens,SINGLE PROTEIN
CHEMBL1741220,Q9UIF8,Bromodomain adjacent to zinc finger domain protein 2B,Homo sapiens,SINGLE PROTEIN
CHEMBL402,P04035,3-hydroxy-3-methylglutaryl-coenzyme A reductase,Homo sapiens,SINGLE PROTEIN
CHEMBL1827,O76074,"cGMP-specific 3',5'-cyclic phosphodiesterase",Homo sapiens,SINGLE PROTEIN
CHEMBL3385,P27361,Mitogen-activated protein kinase 3,Homo sapiens,SINGLE PROTEIN
CHEMBL260,Q16539,Mitogen-activated protein kinase 14,Homo sapiens,SINGLE PROTEIN
CHEMBL1841,P06241,Tyrosine-protein kinase Fyn,Homo sapiens,SINGLE PROTEIN
CHEMBL258,P06239,Tyrosine-protein kinase Lck,Homo sapiens,SINGLE PROTEIN
CHEMBL1835,P24557,Thromboxane-A synthase,Homo sapiens,SINGLE PROTEIN
CHEMBL1743121,Q9NPD5,Solute carrier organic anion transporter family member 1B3,Homo sapiens,SINGLE PROTEIN
CHEMBL1697668,Q9Y6L6,Solute carrier organic anion transporter family member 1B1,Homo sapiens,SINGLE PROTEIN
CHEMBL4361,Q07820,Induced myeloid leukemia cell differentiation protein Mcl-1,Homo sapiens,SINGLE PROTEIN
CHEMBL253,P34972,Cannabinoid receptor 2,Homo sapiens,SINGLE PROTEIN
CHEMBL6066220,P02794,Ferritin heavy chain,Homo sapiens,SINGLE PROTEIN
CHEMBL1947,P10828,Thyroid hormone receptor beta,Homo sapiens,SINGLE PROTEIN
CHEMBL2492,P36544,Neuronal acetylcholine receptor subunit alpha-7,Homo sapiens,SINGLE PROTEIN
CHEMBL221,P23219,Prostaglandin G/H synthase 1,Homo sapiens,SINGLE PROTEIN
CHEMBL6007,O75762,Transient receptor potential cation channel subfamily A member 1,Homo sapiens,SINGLE PROTEIN
CHEMBL5461,P08151,Zinc finger protein GLI1,Homo sapiens,SINGLE PROTEIN
CHEMBL5119,P10070,Zinc finger protein GLI2,Homo sapiens,SINGLE PROTEIN
CHEMBL256,P0DMS8,Adenosine receptor A3,Homo sapiens,SINGLE PROTEIN
CHEMBL1914,P06276,Cholinesterase,Homo sapiens,SINGLE PROTEIN
CHEMBL5422,P07237,Protein disulfide-isomerase,Homo sapiens,SINGLE PROTEIN
CHEMBL3580487,Q9BQB4,Sclerostin,Homo sapiens,SINGLE PROTEIN
CHEMBL4081,P13726,Tissue factor,Homo sapiens,SINGLE PROTEIN
CHEMBL5485,P14920,D-amino-acid oxidase,Homo sapiens,SINGLE PROTEIN
CHEMBL4523354,Q6XQN6,Nicotinate phosphoribosyltransferase,Homo sapiens,SINGLE PROTEIN
CHEMBL3180,O00748,Cocaine esterase,Homo sapiens,SINGLE PROTEIN
CHEMBL2265,P23141,Liver carboxylesterase 1,Homo sapiens,SINGLE PROTEIN
CHEMBL3807,P17706,Tyrosine-protein phosphatase non-receptor type 2,Homo sapiens,SINGLE PROTEIN
CHEMBL5409,Q8TDU6,G-protein coupled bile acid receptor 1,Homo sapiens,SINGLE PROTEIN
CHEMBL4804,P30305,M-phase inducer phosphatase 2,Homo sapiens,SINGLE PROTEIN
CHEMBL3243,P08575,Receptor-type tyrosine-protein phosphatase C,Homo sapiens,SINGLE PROTEIN
CHEMBL2635,P51452,Dual specificity protein phosphatase 3,Homo sapiens,SINGLE PROTEIN
CHEMBL5533,Q04206,Transcription factor p65,Homo sapiens,SINGLE PROTEIN
CHEMBL6067457,Q8IVP5,FUN14 domain-containing protein 1,Homo sapiens,SINGLE PROTEIN
CHEMBL332,P03956,Interstitial collagenase,Homo sapiens,SINGLE PROTEIN
CHEMBL227,P30556,Type-1 angiotensin II receptor,Homo sapiens,SINGLE PROTEIN
CHEMBL3774295,Q9UGL1,Lysine-specific demethylase 5B,Homo sapiens,SINGLE PROTEIN
CHEMBL1744525,P43490,Nicotinamide phosphoribosyltransferase,Homo sapiens,SINGLE PROTEIN
CHEMBL4377,P63092,Guanine nucleotide-binding protein G(s) subunit alpha isoforms short,Homo sapiens,SINGLE PROTEIN
CHEMBL5501,Q92830,Histone acetyltransferase KAT2A,Homo sapiens,SINGLE PROTEIN
CHEMBL3401,O75469,Nuclear receptor subfamily 1 group I member 2,Homo sapiens,SINGLE PROTEIN
CHEMBL3308919,P49638,Alpha-tocopherol transfer protein,Homo sapiens,SINGLE PROTEIN
CHEMBL3902,P09211,Glutathione S-transferase P,Homo sapiens,SINGLE PROTEIN
CHEMBL1784,P43220,Glucagon-like peptide 1 receptor,Homo sapiens,SINGLE PROTEIN
CHEMBL267,P12931,Proto-oncogene tyrosine-protein kinase Src,Homo sapiens,SINGLE PROTEIN
CHEMBL4331,P68871,Hemoglobin subunit beta,Homo sapiens,SINGLE PROTEIN
CHEMBL1293258,P84022,Mothers against decapentaplegic homolog 3,Homo sapiens,SINGLE PROTEIN
CHEMBL5460,P0DMV8,Heat shock 70 kDa protein 1A,Homo sapiens,SINGLE PROTEIN
CHEMBL4282,P31749,RAC-alpha serine/threonine-protein kinase,Homo sapiens,SINGLE PROTEIN
CHEMBL5784,O60285,NUAK family SNF1-like kinase 1,Homo sapiens,SINGLE PROTEIN
CHEMBL4722,O14965,Aurora kinase A,Homo sapiens,SINGLE PROTEIN
CHEMBL2185,Q96GD4,Aurora kinase B,Homo sapiens,SINGLE PROTEIN
CHEMBL5147,P54760,Ephrin type-B receptor 4,Homo sapiens,SINGLE PROTEIN
CHEMBL1824,P04626,Receptor tyrosine-protein kinase erbB-2,Homo sapiens,SINGLE PROTEIN
CHEMBL2695,Q05397,Focal adhesion kinase 1,Homo sapiens,SINGLE PROTEIN
CHEMBL1957,P08069,Insulin-like growth factor 1 receptor,Homo sapiens,SINGLE PROTEIN
CHEMBL279,P35968,Vascular endothelial growth factor receptor 2,Homo sapiens,SINGLE PROTEIN
CHEMBL1955,P35916,Vascular endothelial growth factor receptor 3,Homo sapiens,SINGLE PROTEIN
CHEMBL3717,P08581,Hepatocyte growth factor receptor,Homo sapiens,SINGLE PROTEIN
CHEMBL1913,P09619,Platelet-derived growth factor receptor beta,Homo sapiens,SINGLE PROTEIN
CHEMBL3788,O00444,Serine/threonine-protein kinase PLK4,Homo sapiens,SINGLE PROTEIN
CHEMBL4128,Q02763,Angiopoietin-1 receptor,Homo sapiens,SINGLE PROTEIN
CHEMBL4899,P41279,Mitogen-activated protein kinase kinase kinase 8,Homo sapiens,SINGLE PROTEIN
CHEMBL1641347,Q4U2R8,Solute carrier family 22 member 6,Homo sapiens,SINGLE PROTEIN
CHEMBL3912,Q8N1Q1,Carbonic anhydrase 13,Homo sapiens,SINGLE PROTEIN
CHEMBL2007625,O75874,Isocitrate dehydrogenase [NADP] cytoplasmic,Homo sapiens,SINGLE PROTEIN
CHEMBL4524025,Q99598,Translin-associated protein X,Homo sapiens,SINGLE PROTEIN
CHEMBL1741221,Q9Y4P1,Cysteine protease ATG4B,Homo sapiens,SINGLE PROTEIN
CHEMBL2085,P14174,Macrophage migration inhibitory factor,Homo sapiens,SINGLE PROTEIN
CHEMBL5957,P21589,5'-nucleotidase,Homo sapiens,SINGLE PROTEIN
CHEMBL1991,O14920,Inhibitor of nuclear factor kappa-B kinase subunit beta,Homo sapiens,SINGLE PROTEIN
CHEMBL4394,Q9NYA1,Sphingosine kinase 1,Homo sapiens,SINGLE PROTEIN
CHEMBL1075126,P30613,Pyruvate kinase PKLR,Homo sapiens,SINGLE PROTEIN
CHEMBL1781,P11387,DNA topoisomerase 1,Homo sapiens,SINGLE PROTEIN
CHEMBL2362978,P43351,DNA repair protein RAD52 homolog,Homo sapiens,SINGLE PROTEIN
CHEMBL5990,P38398,Breast cancer type 1 susceptibility protein,Homo sapiens,SINGLE PROTEIN
CHEMBL3468,P55210,Caspase-7,Homo sapiens,SINGLE PROTEIN
CHEMBL4801,P29466,Caspase-1,Homo sapiens,SINGLE PROTEIN
CHEMBL4295835,Q16762,Thiosulfate sulfurtransferase,Homo sapiens,SINGLE PROTEIN
CHEMBL2007626,Q8IUX4,DNA dC->dU-editing enzyme APOBEC-3F,Homo sapiens,SINGLE PROTEIN
CHEMBL3253,P02768,Albumin,Homo sapiens,SINGLE PROTEIN
CHEMBL5282,P11509,Cytochrome P450 2A6,Homo sapiens,SINGLE PROTEIN
CHEMBL1641348,Q8TCC7,Organic anion transporter 3,Homo sapiens,SINGLE PROTEIN
CHEMBL6020,O95342,Bile salt export pump,Homo sapiens,SINGLE PROTEIN
CHEMBL4235,P28845,11-beta-hydroxysteroid dehydrogenase 1,Homo sapiens,SINGLE PROTEIN
CHEMBL4903,P24666,Low molecular weight phosphotyrosine protein phosphatase,Homo sapiens,SINGLE PROTEIN
CHEMBL3521,P10586,Receptor-type tyrosine-protein phosphatase F,Homo sapiens,SINGLE PROTEIN
CHEMBL2157850,Q93009,Ubiquitin carboxyl-terminal hydrolase 7,Homo sapiens,SINGLE PROTEIN
CHEMBL1909484,Q9P0U3,Sentrin-specific protease 1,Homo sapiens,SINGLE PROTEIN
CHEMBL6120,Q96S37,Solute carrier family 22 member 12,Homo sapiens,SINGLE PROTEIN
CHEMBL1293275,O00167,Protein phosphatase EYA2,Homo sapiens,SINGLE PROTEIN
CHEMBL2396508,Q13332,Receptor-type tyrosine-protein phosphatase S,Homo sapiens,SINGLE PROTEIN
CHEMBL5523,Q8WTS6,Histone-lysine N-methyltransferase SETD7,Homo sapiens,SINGLE PROTEIN
CHEMBL3396943,P29372,DNA-3-methyladenine glycosylase,Homo sapiens,SINGLE PROTEIN
CHEMBL1914266,P10997,Islet amyloid polypeptide,Homo sapiens,SINGLE PROTEIN
CHEMBL3621037,Q6P6C2,RNA demethylase ALKBH5,Homo sapiens,SINGLE PROTEIN
CHEMBL4360,P53985,Monocarboxylate transporter 1,Homo sapiens,SINGLE PROTEIN
CHEMBL5847,P52895,Aldo-keto reductase family 1 member C2,Homo sapiens,SINGLE PROTEIN
CHEMBL4685,P14902,"Indoleamine 2,3-dioxygenase 1",Homo sapiens,SINGLE PROTEIN
CHEMBL2140,P48775,"Tryptophan 2,3-dioxygenase",Homo sapiens,SINGLE PROTEIN
CHEMBL2842,P42345,Serine/threonine-protein kinase mTOR,Homo sapiens,SINGLE PROTEIN
CHEMBL5514,P42858,Huntingtin,Homo sapiens,SINGLE PROTEIN
CHEMBL1781865,P11021,Endoplasmic reticulum chaperone BiP,Homo sapiens,SINGLE PROTEIN
CHEMBL4295974,Q9UGC6,Regulator of G-protein signaling 17,Homo sapiens,SINGLE PROTEIN
CHEMBL1741164,O60240,Perilipin-1,Homo sapiens,SINGLE PROTEIN
CHEMBL2146305,P01215,Glycoprotein hormones alpha chain,Homo sapiens,SINGLE PROTEIN
CHEMBL4523510,Q9Y6A2,Cholesterol 24-hydroxylase,Homo sapiens,SINGLE PROTEIN
CHEMBL4523203,P22059,Oxysterol-binding protein 1,Homo sapiens,SINGLE PROTEIN
CHEMBL5465343,Q969R2,Oxysterol-binding protein 2,Homo sapiens,SINGLE PROTEIN
CHEMBL3575,Q05823,2-5A-dependent ribonuclease,Homo sapiens,SINGLE PROTEIN
CHEMBL3880,P07900,Heat shock protein HSP 90-alpha,Homo sapiens,SINGLE PROTEIN
CHEMBL2524,P06280,Alpha-galactosidase A,Homo sapiens,SINGLE PROTEIN
CHEMBL3785,Q8TDS4,Hydroxycarboxylic acid receptor 2,Homo sapiens,SINGLE PROTEIN
CHEMBL2176772,Q9UPN9,E3 ubiquitin-protein ligase TRIM33,Homo sapiens,SINGLE PROTEIN
CHEMBL3108638,O15164,Transcription intermediary factor 1-alpha,Homo sapiens,SINGLE PROTEIN
CHEMBL5555,O00767,Stearoyl-CoA desaturase,Homo sapiens,SINGLE PROTEIN
CHEMBL3713095,P54803,Galactocerebrosidase,Homo sapiens,SINGLE PROTEIN
CHEMBL1942,P18089,Alpha-2B adrenergic receptor,Homo sapiens,SINGLE PROTEIN
CHEMBL3100,P02753,Retinol-binding protein 4,Homo sapiens,SINGLE PROTEIN
CHEMBL4860,P10415,Apoptosis regulator Bcl-2,Homo sapiens,SINGLE PROTEIN
CHEMBL1795129,P05231,Interleukin-6,Homo sapiens,SINGLE PROTEIN
CHEMBL1825,P01375,Tumor necrosis factor,Homo sapiens,SINGLE PROTEIN
CHEMBL4588,P22894,Neutrophil collagenase,Homo sapiens,SINGLE PROTEIN
CHEMBL2318,O75173,A disintegrin and metalloproteinase with thrombospondin motifs 4,Homo sapiens,SINGLE PROTEIN
CHEMBL2285,Q9UNA0,A disintegrin and metalloproteinase with thrombospondin motifs 5,Homo sapiens,SINGLE PROTEIN
CHEMBL301,P24941,Cyclin-dependent kinase 2,Homo sapiens,SINGLE PROTEIN
CHEMBL5281,P05181,Cytochrome P450 2E1,Homo sapiens,SINGLE PROTEIN
CHEMBL3542436,Q16696,Cytochrome P450 2A13,Homo sapiens,SINGLE PROTEIN
CHEMBL1829,O15379,Histone deacetylase 3,Homo sapiens,SINGLE PROTEIN
CHEMBL2933,P54707,Potassium-transporting ATPase alpha chain 2,Homo sapiens,SINGLE PROTEIN
CHEMBL1293294,P51151,Ras-related protein Rab-9A,Homo sapiens,SINGLE PROTEIN
CHEMBL2146346,P46531,Neurogenic locus notch homolog protein 1,Homo sapiens,SINGLE PROTEIN
CHEMBL4491,Q9Y2Q3,Glutathione S-transferase kappa 1,Homo sapiens,SINGLE PROTEIN
CHEMBL1741200,Q2TB90,Hexokinase HKDC1,Homo sapiens,SINGLE PROTEIN
CHEMBL4729,P20813,Cytochrome P450 2B6,Homo sapiens,SINGLE PROTEIN
CHEMBL2421,P08185,Corticosteroid-binding globulin,Homo sapiens,SINGLE PROTEIN
CHEMBL3305,P04278,Sex hormone-binding globulin,Homo sapiens,SINGLE PROTEIN
CHEMBL6089,P61088,Ubiquitin-conjugating enzyme E2 N,Homo sapiens,SINGLE PROTEIN
CHEMBL1293191,P11308,Transcriptional regulator ERG,Homo sapiens,SINGLE PROTEIN
CHEMBL3784,Q09472,Histone acetyltransferase p300,Homo sapiens,SINGLE PROTEIN
CHEMBL5465263,Q9NZI8,Insulin-like growth factor 2 mRNA-binding protein 1,Homo sapiens,SINGLE PROTEIN
CHEMBL2035,P08912,Muscarinic acetylcholine receptor M5,Homo sapiens,SINGLE PROTEIN
CHEMBL245,P20309,Muscarinic acetylcholine receptor M3,Homo sapiens,SINGLE PROTEIN
CHEMBL216,P11229,Muscarinic acetylcholine receptor M1,Homo sapiens,SINGLE PROTEIN
CHEMBL211,P08172,Muscarinic acetylcholine receptor M2,Homo sapiens,SINGLE PROTEIN
CHEMBL5586,P16152,Carbonyl reductase [NADPH] 1,Homo sapiens,SINGLE PROTEIN
CHEMBL3621022,P02511,Alpha-crystallin B chain,Homo sapiens,SINGLE PROTEIN
CHEMBL5857,Q96RJ0,Trace amine-associated receptor 1,Homo sapiens,SINGLE PROTEIN
CHEMBL5880,P60568,Interleukin-2,Homo sapiens,SINGLE PROTEIN
CHEMBL2189117,O75530,Polycomb protein EED,Homo sapiens,SINGLE PROTEIN
CHEMBL5347,P11413,Glucose-6-phosphate 1-dehydrogenase,Homo sapiens,SINGLE PROTEIN
CHEMBL3068,P32297,Neuronal acetylcholine receptor subunit alpha-3,Homo sapiens,SINGLE PROTEIN
CHEMBL236,P41143,Delta-type opioid receptor,Homo sapiens,SINGLE PROTEIN
CHEMBL244,P00742,Coagulation factor X,Homo sapiens,SINGLE PROTEIN
CHEMBL4296326,P58335,Anthrax toxin receptor 2,Homo sapiens,SINGLE PROTEIN
CHEMBL2478,P0DUB6,Alpha-amylase 1A,Homo sapiens,SINGLE PROTEIN
CHEMBL2252,P53634,Dipeptidyl peptidase 1,Homo sapiens,SINGLE PROTEIN
CHEMBL299,P17252,Protein kinase C alpha type,Homo sapiens,SINGLE PROTEIN
CHEMBL1821,P08173,Muscarinic acetylcholine receptor M4,Homo sapiens,SINGLE PROTEIN
CHEMBL231,P35367,Histamine H1 receptor,Homo sapiens,SINGLE PROTEIN
CHEMBL1941,P25021,Histamine H2 receptor,Homo sapiens,SINGLE PROTEIN
CHEMBL264,Q9Y5N1,Histamine H3 receptor,Homo sapiens,SINGLE PROTEIN
CHEMBL3759,Q9H3N8,Histamine H4 receptor,Homo sapiens,SINGLE PROTEIN
CHEMBL3426,P47898,5-hydroxytryptamine receptor 5A,Homo sapiens,SINGLE PROTEIN
CHEMBL3155,P34969,5-hydroxytryptamine receptor 7,Homo sapiens,SINGLE PROTEIN
CHEMBL3371,P50406,5-hydroxytryptamine receptor 6,Homo sapiens,SINGLE PROTEIN
CHEMBL225,P28335,5-hydroxytryptamine receptor 2C,Homo sapiens,SINGLE PROTEIN
CHEMBL224,P28223,5-hydroxytryptamine receptor 2A,Homo sapiens,SINGLE PROTEIN
CHEMBL1833,P41595,5-hydroxytryptamine receptor 2B,Homo sapiens,SINGLE PROTEIN
CHEMBL1983,P28221,5-hydroxytryptamine receptor 1D,Homo sapiens,SINGLE PROTEIN
CHEMBL1898,P28222,5-hydroxytryptamine receptor 1B,Homo sapiens,SINGLE PROTEIN
CHEMBL214,P08908,5-hydroxytryptamine receptor 1A,Homo sapiens,SINGLE PROTEIN
CHEMBL217,P14416,D(2) dopamine receptor,Homo sapiens,SINGLE PROTEIN
CHEMBL234,P35462,D(3) dopamine receptor,Homo sapiens,SINGLE PROTEIN
CHEMBL2182,P28566,5-hydroxytryptamine receptor 1E,Homo sapiens,SINGLE PROTEIN
CHEMBL1805,P30939,5-hydroxytryptamine receptor 1F,Homo sapiens,SINGLE PROTEIN
CHEMBL1899,P46098,5-hydroxytryptamine receptor 3A,Homo sapiens,SINGLE PROTEIN
CHEMBL1875,Q13639,5-hydroxytryptamine receptor 4,Homo sapiens,SINGLE PROTEIN
CHEMBL1893,Q05940,Synaptic vesicular amine transporter,Homo sapiens,SINGLE PROTEIN
CHEMBL5754,Q96L34,MAP/microtubule affinity-regulating kinase 4,Homo sapiens,SINGLE PROTEIN
CHEMBL4204,Q9HBH9,MAP kinase-interacting serine/threonine-protein kinase 2,Homo sapiens,SINGLE PROTEIN
CHEMBL4718,Q9BUB5,MAP kinase-interacting serine/threonine-protein kinase 1,Homo sapiens,SINGLE PROTEIN
CHEMBL6144,P43250,G protein-coupled receptor kinase 6,Homo sapiens,SINGLE PROTEIN
CHEMBL2189116,Q92800,Histone-lysine N-methyltransferase EZH1,Homo sapiens,SINGLE PROTEIN
CHEMBL1293299,Q03164,Histone-lysine N-methyltransferase 2A,Homo sapiens,SINGLE PROTEIN
CHEMBL3108645,O96028,Histone-lysine N-methyltransferase NSD2,Homo sapiens,SINGLE PROTEIN
CHEMBL1743124,O94956,Solute carrier organic anion transporter family member 2B1,Homo sapiens,SINGLE PROTEIN
CHEMBL4499,P03905,NADH-ubiquinone oxidoreductase chain 4,Homo sapiens,SINGLE PROTEIN
CHEMBL1293298,Q01453,Peripheral myelin protein 22,Homo sapiens,SINGLE PROTEIN
CHEMBL1075319,Q7Z2W7,Transient receptor potential cation channel subfamily M member 8,Homo sapiens,SINGLE PROTEIN
CHEMBL1075145,P55072,Transitional endoplasmic reticulum ATPase,Homo sapiens,SINGLE PROTEIN
CHEMBL1783,P15692,"Vascular endothelial growth factor A, long form",Homo sapiens,SINGLE PROTEIN
CHEMBL1697671,P49763,Placenta growth factor,Homo sapiens,SINGLE PROTEIN
CHEMBL248,P08246,Neutrophil elastase,Homo sapiens,SINGLE PROTEIN
CHEMBL4999,P17516,Aldo-keto reductase family 1 member C4,Homo sapiens,SINGLE PROTEIN
CHEMBL5905,Q04828,Aldo-keto reductase family 1 member C1,Homo sapiens,SINGLE PROTEIN
CHEMBL2808,Q13133,Oxysterols receptor LXR-alpha,Homo sapiens,SINGLE PROTEIN
CHEMBL5747,Q92793,CREB-binding protein,Homo sapiens,SINGLE PROTEIN
CHEMBL2553,Q15418,Ribosomal protein S6 kinase alpha-1,Homo sapiens,SINGLE PROTEIN
CHEMBL3906,Q15349,Ribosomal protein S6 kinase alpha-2,Homo sapiens,SINGLE PROTEIN
CHEMBL5979,P05186,"Alkaline phosphatase, tissue-nonspecific isozyme",Homo sapiens,SINGLE PROTEIN
CHEMBL1828,P09884,DNA polymerase alpha catalytic subunit,Homo sapiens,SINGLE PROTEIN
CHEMBL3720,P53396,ATP-citrate synthase,Homo sapiens,SINGLE PROTEIN
CHEMBL3334418,P18669,Phosphoglycerate mutase 1,Homo sapiens,SINGLE PROTEIN
CHEMBL3404,P52209,"6-phosphogluconate dehydrogenase, decarboxylating",Homo sapiens,SINGLE PROTEIN
CHEMBL3869,P50281,Matrix metalloproteinase-14,Homo sapiens,SINGLE PROTEIN
CHEMBL2292,Q13627,Dual specificity tyrosine-phosphorylation-regulated kinase 1A,Homo sapiens,SINGLE PROTEIN
CHEMBL6101,P42224,Signal transducer and activator of transcription 1-alpha/beta,Homo sapiens,SINGLE PROTEIN
CHEMBL1993,P26358,DNA (cytosine-5)-methyltransferase 1,Homo sapiens,SINGLE PROTEIN
CHEMBL5658,O14684,Prostaglandin E synthase,Homo sapiens,SINGLE PROTEIN
CHEMBL3094,Q8IW41,MAP kinase-activated protein kinase 5,Homo sapiens,SINGLE PROTEIN
CHEMBL6177,O95544,NAD kinase,Homo sapiens,SINGLE PROTEIN
CHEMBL4937,P49674,Casein kinase I isoform epsilon,Homo sapiens,SINGLE PROTEIN
CHEMBL4224,P49759,Dual specificity protein kinase CLK1,Homo sapiens,SINGLE PROTEIN
CHEMBL4225,P49760,Dual specificity protein kinase CLK2,Homo sapiens,SINGLE PROTEIN
CHEMBL4226,P49761,Dual specificity protein kinase CLK3,Homo sapiens,SINGLE PROTEIN
CHEMBL4203,Q9HAZ1,Dual specificity protein kinase CLK4,Homo sapiens,SINGLE PROTEIN
CHEMBL5543,Q9Y463,Dual specificity tyrosine-phosphorylation-regulated kinase 1B,Homo sapiens,SINGLE PROTEIN
CHEMBL4376,Q92630,Dual specificity tyrosine-phosphorylation-regulated kinase 2,Homo sapiens,SINGLE PROTEIN
CHEMBL4575,O43781,Dual specificity tyrosine-phosphorylation-regulated kinase 3,Homo sapiens,SINGLE PROTEIN
CHEMBL1075115,Q9NR20,Dual specificity tyrosine-phosphorylation-regulated kinase 4,Homo sapiens,SINGLE PROTEIN
CHEMBL6119,P08865,Small ribosomal subunit protein uS2,Homo sapiens,SINGLE PROTEIN
CHEMBL1741176,P17861,X-box-binding protein 1,Homo sapiens,SINGLE PROTEIN
CHEMBL5661,O14980,Exportin-1,Homo sapiens,SINGLE PROTEIN
CHEMBL210,P07550,Beta-2 adrenergic receptor,Homo sapiens,SINGLE PROTEIN
CHEMBL228,P31645,Sodium-dependent serotonin transporter,Homo sapiens,SINGLE PROTEIN
CHEMBL1945,P48039,Melatonin receptor type 1A,Homo sapiens,SINGLE PROTEIN
CHEMBL1946,P49286,Melatonin receptor type 1B,Homo sapiens,SINGLE PROTEIN
CHEMBL238,Q01959,Sodium-dependent dopamine transporter,Homo sapiens,SINGLE PROTEIN
CHEMBL222,P23975,Sodium-dependent noradrenaline transporter,Homo sapiens,SINGLE PROTEIN
CHEMBL1850,P21918,D(1B) dopamine receptor,Homo sapiens,SINGLE PROTEIN
CHEMBL5719,P49336,Cyclin-dependent kinase 8,Homo sapiens,SINGLE PROTEIN
CHEMBL3116,P50750,Cyclin-dependent kinase 9,Homo sapiens,SINGLE PROTEIN
CHEMBL1964,Q9UK17,A-type voltage-gated potassium channel KCND3,Homo sapiens,SINGLE PROTEIN
CHEMBL4306,P22460,Potassium voltage-gated channel subfamily A member 5,Homo sapiens,SINGLE PROTEIN
CHEMBL5522,Q8NET8,Transient receptor potential cation channel subfamily V member 3,Homo sapiens,SINGLE PROTEIN
CHEMBL5573,P09923,Intestinal-type alkaline phosphatase,Homo sapiens,SINGLE PROTEIN
CHEMBL3822353,Q96AD5,Patatin-like phospholipase domain-containing protein 2,Homo sapiens,SINGLE PROTEIN
CHEMBL229,P35348,Alpha-1A adrenergic receptor,Homo sapiens,SINGLE PROTEIN
CHEMBL232,P35368,Alpha-1B adrenergic receptor,Homo sapiens,SINGLE PROTEIN
CHEMBL223,P25100,Alpha-1D adrenergic receptor,Homo sapiens,SINGLE PROTEIN
CHEMBL233,P35372,Mu-type opioid receptor,Homo sapiens,SINGLE PROTEIN
CHEMBL5849,Q96LB1,Mas-related G-protein coupled receptor member X2,Homo sapiens,SINGLE PROTEIN
CHEMBL1801,P00747,Plasminogen,Homo sapiens,SINGLE PROTEIN
CHEMBL1869,P11926,Ornithine decarboxylase,Homo sapiens,SINGLE PROTEIN
CHEMBL4523129,O15056,Synaptojanin-2,Homo sapiens,SINGLE PROTEIN
CHEMBL3587,Q02750,Dual specificity mitogen-activated protein kinase kinase 1,Homo sapiens,SINGLE PROTEIN
CHEMBL3588738,Q96L73,"Histone-lysine N-methyltransferase, H3 lysine-36 specific",Homo sapiens,SINGLE PROTEIN
CHEMBL1293287,P14735,Insulin-degrading enzyme,Homo sapiens,SINGLE PROTEIN
CHEMBL1741208,Q96P20,"NACHT, LRR and PYD domains-containing protein 3",Homo sapiens,SINGLE PROTEIN
CHEMBL280,P45452,Collagenase 3,Homo sapiens,SINGLE PROTEIN
CHEMBL4073,P09237,Matrilysin,Homo sapiens,SINGLE PROTEIN
CHEMBL283,P08254,Stromelysin-1,Homo sapiens,SINGLE PROTEIN
CHEMBL3797,Q13315,Serine-protein kinase ATM,Homo sapiens,SINGLE PROTEIN
CHEMBL4481,P35228,"Nitric oxide synthase, inducible",Homo sapiens,SINGLE PROTEIN
CHEMBL3582,Q02156,Protein kinase C epsilon type,Homo sapiens,SINGLE PROTEIN
CHEMBL5804,Q9NR96,Toll-like receptor 9,Homo sapiens,SINGLE PROTEIN
CHEMBL4794,Q8NER1,Transient receptor potential cation channel subfamily V member 1,Homo sapiens,SINGLE PROTEIN
CHEMBL1966,Q02127,"Dihydroorotate dehydrogenase (quinone), mitochondrial",Homo sapiens,SINGLE PROTEIN
