scientific_name,taxonomy_id,global_status,regional_status,iucn_year,source,common_names
Alpinia galanga,94327,Data Deficient,Not Evaluated,2026,GBIF; NCBI Taxonomy; IUCN Red List; IISc Digital Flora of Karnataka,"Greater Galangal, Java Galangal, Siamese ginger"
Amaranthus viridis,56196,Least Concern,Not Evaluated,2026,GBIF; NCBI Taxonomy; IUCN Red List; IISc Digital Flora of Karnataka,"Slender Amaranth, Wild Amaranth"
Artocarpus heterophyllus,3489,Not Evaluated,Not Evaluated,Not Found,GBIF; NCBI Taxonomy; IISc Digital Flora of Karnataka,Jack Fruit Tree
Atriplex hortensis,34272,Not Found,Not Found,Not Found,GBIF; NCBI Taxonomy; IISc Digital Flora of Karnataka,Not Found
Azadirachta indica,124943,Least Concern,Not Evaluated,2018,GBIF; NCBI Taxonomy; IUCN Red List; IISc Digital Flora of Karnataka,"The Neem Tree, Margosa, Indian lilac, Neem, Nimbay, Pichumarda"
Bambusa vulgaris,58168,Not Evaluated,Not Evaluated,Not Found,GBIF; NCBI Taxonomy; IISc Digital Flora of Karnataka,"Golden Bamboo, Yellow bamboo"
Basella alba,3589,Not Found,Not Evaluated,Not Found,GBIF; NCBI Taxonomy; IISc Digital Flora of Karnataka,"Indian spinach, Malabar spinach"
Brassica juncea,3707,Not Evaluated,Not Evaluated,Not Found,GBIF; NCBI Taxonomy; IISc Digital Flora of Karnataka,"Mustard, Common Indian Mustard, Chinese Mustard, Brown mustard"
Carissa carandas,141541,Data Deficient,Not Evaluated,2024,GBIF; NCBI Taxonomy; IUCN Red List; IISc Digital Flora of Karnataka,"Christ's Thorn, Bengal Currants, Jasmine flowered Carissa"
Citrus limon,2708,Not Evaluated,Not Evaluated,1998,GBIF; IUCN Red List; IISc Digital Flora of Karnataka,"Lemon, Lime, Rough lemon"
Ficus auriculata,100541,Least Concern,Not Evaluated,2019,GBIF; NCBI Taxonomy; IUCN Red List; IISc Digital Flora of Karnataka,"Elephant Ear Fig Tree, Giant Indian Fig"
Ficus benjamina,182105,Least Concern,Not Evaluated,2019,GBIF; NCBI Taxonomy; IUCN Red List; IISc Digital Flora of Karnataka,"Benjamin tree, Java Fig, Golden Fig, Weeping Fig, Benjamin Fig."
Ficus religiosa,66387,Least Concern,Not Evaluated,2022,GBIF; NCBI Taxonomy; IUCN Red List; IISc Digital Flora of Karnataka,"Peepal Tree, Sacred Fig, Pipul, Sacred bo tree"
Hibiscus rosa-sinensis,183298,Not Evaluated,Not Evaluated,Not Found,GBIF; NCBI Taxonomy; IISc Digital Flora of Karnataka,"Shoe-flower, Chinese rose, Chinese hibiscus, Hibiscus, Rose of China, Tropical Hibiscus"
Jasminum officinale,126433,Not Found,Not Evaluated,Not Found,GBIF; NCBI Taxonomy; IISc Digital Flora of Karnataka,Common Jasmine
Mangifera indica,29780,Data Deficient,Data Deficient,2021,GBIF; NCBI Taxonomy; IUCN Red List; IISc Digital Flora of Karnataka,"Mango Tree, Cuckoo's joy"
Manilkara zapota,3741,Least Concern,Not Found,2021,GBIF; NCBI Taxonomy; IUCN Red List; IISc Digital Flora of Karnataka,"Sapota, Nasebarry, Sapodilla"
Mentha spicata,29719,Least Concern,Not Found,2014,GBIF; NCBI Taxonomy; IUCN Red List; IISc Digital Flora of Karnataka,Spear mint
Mercurialis annua,3986,Not Evaluated,Not Found,Not Found,GBIF; NCBI Taxonomy,herb mercury
Moringa oleifera,3735,Least Concern,Not Evaluated,2020,GBIF; NCBI Taxonomy; IUCN Red List; IISc Digital Flora of Karnataka,"Drumstick Tree, Horse Raddish Tree, Ben Oil Tree, Coatli, Oil of ben tree"
Muntingia calabura,45164,Least Concern,Not Evaluated,2023,GBIF; NCBI Taxonomy; IUCN Red List; IISc Digital Flora of Karnataka,"Singapore cherry, Bird's cherry, Cotton Candy berry, Calabur, Jam tree, Manzanil"
Murraya koenigii,159030,Not Found,Not Evaluated,Not Found,GBIF; NCBI Taxonomy; IISc Digital Flora of Karnataka,"Curry Leaf Tree, Curry bush"
Nerium oleander,63479,Least Concern,Least Concern,2026,GBIF; NCBI Taxonomy; IUCN Red List; IISc Digital Flora of Karnataka,"Oleander Tree, Indian Oleander, Sweet Scented Oleander, Rose bay"
Nyctanthes arbor-tristis,41398,Least Concern,Not Evaluated,2022,GBIF; NCBI Taxonomy; IUCN Red List; IISc Digital Flora of Karnataka,"Coral Jasmine, Night Jasmine, Arbor Tristis, Har Singar, Parijat, Sad tree, Tree of Sadness, Tree of Sorrow"
Ocimum tenuiflorum,204149,Not Evaluated,Not Found,Not Found,GBIF; NCBI Taxonomy,holy basil
Phyllanthus acidus,260718,Data Deficient,Not Evaluated,2026,GBIF; NCBI Taxonomy; IUCN Red List; IISc Digital Flora of Karnataka,"Star Gooseberry, Grosella"
Persea americana,3435,Least Concern,Not Evaluated,2017,GBIF; NCBI Taxonomy; IUCN Red List; IISc Digital Flora of Karnataka,"Avocado Pear, Soldier's Butter, Butter fruit, Alligator Pear, Aguacate, Abacate"
Piper betle,13217,Not Found,Not Evaluated,Not Found,GBIF; NCBI Taxonomy; IISc Digital Flora of Karnataka,Betel Leaf
Plectranthus amboinicus,204180,Not Found,Not Evaluated,Not Found,GBIF; NCBI Taxonomy; IISc Digital Flora of Karnataka,"Indian Borage, Country Borage"
Pongamia pinnata,56065,Least Concern,Least Concern,2012,GBIF; NCBI Taxonomy; IUCN Red List; IISc Digital Flora of Karnataka,"Indian Elm, Pongam oil tree, Indian beech wood tree"
Psidium guajava,120290,Least Concern,Not Evaluated,2019,GBIF; NCBI Taxonomy; IUCN Red List; IISc Digital Flora of Karnataka,"Guava Tree, Guava, Guajava, Common guava"
Punica granatum,22663,Least Concern,Least Concern,2020,GBIF; NCBI Taxonomy; IUCN Red List; IISc Digital Flora of Karnataka,Pomegranate
Santalum album,35974,Vulnerable,Vulnerable,2019,GBIF; NCBI Taxonomy; IUCN Red List; IISc Digital Flora of Karnataka,"Sandalwood Tree, White sandal tree"
Saraca asoca,1073321,Near Threatened,Vulnerable,2025,GBIF; NCBI Taxonomy; IUCN Red List; IISc Digital Flora of Karnataka,"Asoka tree, True Asoka, Sita Asoka, Sesbania Pea, Canicha, Prickly Sesban"
Schefflera arboricola,46414,Not Found,Not Evaluated,Not Found,GBIF; IISc Digital Flora of Karnataka,"Dwarf Umbrella Tree, Hawaiian Dwarf Umbrella"
Spinacia oleracea,3562,Not Found,Not Evaluated,Not Found,GBIF; NCBI Taxonomy; IISc Digital Flora of Karnataka,Spinach
Syzygium jambos,334483,Least Concern,Not Evaluated,2019,GBIF; NCBI Taxonomy; IUCN Red List; IISc Digital Flora of Karnataka,"Rose Apple, Pomme rose, Malabar Plum"
Syzygium cumini,260142,Least Concern,Not Evaluated,2019,GBIF; NCBI Taxonomy; IUCN Red List; IISc Digital Flora of Karnataka,"Indian Blackberry, Black Plum, Jambolan, Jambu, Jambol, Jaman, Java plum, Naval, Neredu"
Tabernaemontana divaricata,52861,Least Concern,Not Evaluated,2020,GBIF; NCBI Taxonomy; IUCN Red List; IISc Digital Flora of Karnataka,"East Indian Rosebay, Pinwheel flower"
Trigonella foenum-graecum,78534,Not Evaluated,Not Evaluated,Not Found,GBIF; NCBI Taxonomy; IISc Digital Flora of Karnataka,Fenugreek
Acacia leucophloea,1217422,Least Concern,Not Evaluated,2019,GBIF; NCBI Taxonomy; IUCN Red List; IISc Digital Flora of Karnataka,"White Babool, White-Barked Acacia, Distiller's acacia, White babool"
Mucuna pruriens,157652,Not Found,Not Found,Not Found,GBIF; NCBI Taxonomy,Not Found
Ocimum sanctum,204149,Not Evaluated,Not Evaluated,Not Found,GBIF; NCBI Taxonomy; IISc Digital Flora of Karnataka,"Holy Basil, Sacred Basil, Basil"
Argemone mexicana,54796,Not Evaluated,Not Evaluated,Not Found,GBIF; NCBI Taxonomy; IISc Digital Flora of Karnataka,"Broad-leaved Sorel, Prickly Poppy, Mexican Poppy, Yellow mexican poppy"
Alternanthera sessilis,221762,Least Concern,Least Concern,2019,GBIF; NCBI Taxonomy; IUCN Red List; IISc Digital Flora of Karnataka,"Joy Weed, Dwarf Copperleaf, Sessile Joy Weed"
Myristica malabarica,741156,Vulnerable,Least Concern,2024,GBIF; NCBI Taxonomy; IUCN Red List; IISc Digital Flora of Karnataka,"Bombay maize, Malabar nutmeg, Bombay mace, False nutmeg"
Dipterocarpus bourdillonii,2823387,Critically Endangered,Endangered,2021,GBIF; NCBI Taxonomy; IUCN Red List; IISc Digital Flora of Karnataka,Not Found
Ceropegia attenuata,480531,Not Evaluated,Not Evaluated,Not Found,GBIF; NCBI Taxonomy; IISc Digital Flora of Karnataka,Not Found
Impatiens talbotii,Not Found,Not Evaluated,Not Evaluated,Not Found,GBIF; IISc Digital Flora of Karnataka,Not Found
Marsdenia raziana,3721094,Not Found,Not Evaluated,Not Found,GBIF; NCBI Taxonomy; IISc Digital Flora of Karnataka,Not Found
Senecio mayurii,Not Found,Not Found,Not Found,Not Found,GBIF; IISc Digital Flora of Karnataka,Not Found
Commelina indehiscens,3781525,Not Found,Vulnerable,Not Found,GBIF; NCBI Taxonomy; IISc Digital Flora of Karnataka,Not Found
Indigofera constricta,Not Found,Not Found,Vulnerable,Not Found,GBIF; IISc Digital Flora of Karnataka,Not Found
Kingiodendron pinnatum,162823,Vulnerable,Vulnerable,2023,GBIF; NCBI Taxonomy; IUCN Red List; IISc Digital Flora of Karnataka,Not Found
Elaeocarpus munronii,1288337,Not Found,Data Deficient,Not Found,GBIF; NCBI Taxonomy; IISc Digital Flora of Karnataka,Not Found
Elaeocarpus serratus,1736744,Least Concern,Not Evaluated,2025,GBIF; NCBI Taxonomy; IUCN Red List; IISc Digital Flora of Karnataka,"Wild olive tree, Ceylon Olive"
Anogeissus latifolia,1068672,Least Concern,Not Evaluated,2026,GBIF; NCBI Taxonomy; IUCN Red List; IISc Digital Flora of Karnataka,"Crane Tree, Axle-wood Tree, Button tree, Indian Gum Tree, Indian sumac"
Careya arborea,79559,Least Concern,Not Evaluated,2025,GBIF; NCBI Taxonomy; IUCN Red List; IISc Digital Flora of Karnataka,"Ceylon Oak Tree, Wild Guava, Kumbi Tree, Patana oak, Slow match tree, Wild guava"
Eclipta prostrata,53719,Least Concern,Not Evaluated,2017,GBIF; NCBI Taxonomy; IUCN Red List; IISc Digital Flora of Karnataka,"False daisy, Trailing eclipta, Bhringaraj, Thistles"
Aristolochia tagala,360030,Not Evaluated,Not Evaluated,Not Found,GBIF; NCBI Taxonomy; IISc Digital Flora of Karnataka,Not Found
Barleria buxifolia,2793664,Not Found,Not Evaluated,Not Found,GBIF; NCBI Taxonomy; IISc Digital Flora of Karnataka,"Hopehead, Iksura, Box-Leaved Barleria"
Ficus amplissima,479792,Least Concern,Not Evaluated,2023,GBIF; NCBI Taxonomy; IUCN Red List; IISc Digital Flora of Karnataka,Yellow-barked Fig
Bixa orellana,66672,Least Concern,Not Evaluated,2019,GBIF; NCBI Taxonomy; IUCN Red List; IISc Digital Flora of Karnataka,"Lipstick Tree, Butter-seed Tree, Arnatto Tree"
Breynia retusa,319560,Least Concern,Not Evaluated,2019,GBIF; NCBI Taxonomy; IUCN Red List; IISc Digital Flora of Karnataka,Bishop Wood
Bridelia stipularis,577029,Least Concern,Not Evaluated,2020,GBIF; NCBI Taxonomy; IUCN Red List; IISc Digital Flora of Karnataka,Not Found
Queenslandiella hyalina,306635,Not Evaluated,Not Evaluated,Not Found,GBIF; NCBI Taxonomy; IISc Digital Flora of Karnataka,Not Found
Urena lobata,263848,Least Concern,Not Found,2020,GBIF; NCBI Taxonomy; IUCN Red List,caesarweed
Urochondra setulosa,751591,Not Found,Not Evaluated,Not Found,GBIF; NCBI Taxonomy; IISc Digital Flora of Karnataka,Not Found
Cadaba fruticosa,3115669,Not Found,Not Evaluated,Not Found,GBIF; NCBI Taxonomy; IISc Digital Flora of Karnataka,Indian cadaba
Caesalpinia pulcherrima,53846,Least Concern,Not Evaluated,2019,GBIF; NCBI Taxonomy; IUCN Red List; IISc Digital Flora of Karnataka,"Dwarf poinciana, Peacock flower, Barbados pride, Peacock Cassia, Peacock flower, Barbados flower-fence, Gold Mohur"
Calotropis gigantea,4066,Not Evaluated,Not Evaluated,Not Found,GBIF; NCBI Taxonomy; IISc Digital Flora of Karnataka,"Giant Milk-Weed, Giant Swallow wort Madar Plant, Bowstring hemp, Crown Flower, Giant Calotrope"
Canscora diffusa,84872,Not Evaluated,Not Evaluated,Not Found,GBIF; NCBI Taxonomy; IISc Digital Flora of Karnataka,Not Found
Capparis zeylanica,511508,Not Found,Not Evaluated,Not Found,GBIF; NCBI Taxonomy; IISc Digital Flora of Karnataka,Ceylon Caper
Ceropegia candelabrum,1652612,Not Found,Not Found,Not Found,GBIF; NCBI Taxonomy,Not Found
Clematis gouriana,1934111,Not Found,Not Evaluated,Not Found,GBIF; NCBI Taxonomy; IISc Digital Flora of Karnataka,Goat's beard
Cleome viscosa,190804,Not Found,Not Evaluated,Not Found,GBIF; IISc Digital Flora of Karnataka,"Wild-dog Mustard, Sticky Cleome"
Clerodendrum inerme,49994,Not Found,Not Evaluated,Not Found,GBIF; IISc Digital Flora of Karnataka,"Common Hedge Bower, Glory Bower, Embrert, Garden quinine, Sorcerers Bush, Wild Jasmine"
Plectranthus caninus,1162216,Not Found,Not Evaluated,Not Found,GBIF; NCBI Taxonomy; IISc Digital Flora of Karnataka,Not Found
Coscinium fenestratum,483232,Data Deficient,Not Evaluated,2015,GBIF; NCBI Taxonomy; IUCN Red List; IISc Digital Flora of Karnataka,"False Columba, Tree Turmeric"
Crinum asiaticum,205937,Not Evaluated,Not Evaluated,Not Found,GBIF; NCBI Taxonomy; IISc Digital Flora of Karnataka,Poison bulb
Cryptolepis buchanani,413272,Not Evaluated,Not Evaluated,Not Found,GBIF; NCBI Taxonomy; IISc Digital Flora of Karnataka,Wax-leaved climber
Utricularia australis,192276,Least Concern,Not Found,2014,GBIF; NCBI Taxonomy; IUCN Red List; IISc Digital Flora of Karnataka,Yellow bladder-wort
Nelumbo nucifera,4432,Data Deficient,Least Concern,2011,GBIF; NCBI Taxonomy; IUCN Red List; IISc Digital Flora of Karnataka,"Sacred Lotus, Indian Lotus"
Datura stramonium,4076,Not Evaluated,Not Evaluated,Not Found,GBIF; NCBI Taxonomy; IISc Digital Flora of Karnataka,"Common thorn Apple, Stramonium, Datura, Devil's apple, Jimson weed"
Solanum nigrum,4112,Not Evaluated,Not Evaluated,Not Found,GBIF; NCBI Taxonomy; IISc Digital Flora of Karnataka,"Black nightshade, Apple of sodom, American black nightshade, Black nightshade, Common nightshade"
Desmodium triflorum,2746503,Not Found,Least Concern,Not Found,GBIF; NCBI Taxonomy; IISc Digital Flora of Karnataka,Three Flowered Trickle foil
Dodonaea viscosa,151065,Least Concern,Not Evaluated,2019,GBIF; NCBI Taxonomy; IUCN Red List; IISc Digital Flora of Karnataka,"Hopseed bush, Switch sorrel"
Drosera indica,16680,Least Concern,Least Concern,2018,GBIF; NCBI Taxonomy; IUCN Red List; IISc Digital Flora of Karnataka,Shield Sundew
Echinops echinatus,909143,Not Found,Not Evaluated,Not Found,GBIF; NCBI Taxonomy; IISc Digital Flora of Karnataka,Not Found
Eulophia nuda,78774,Not Evaluated,Not Evaluated,Not Found,GBIF; IISc Digital Flora of Karnataka,Not Found
Euphorbia hirta,318062,Not Evaluated,Not Evaluated,Not Found,GBIF; NCBI Taxonomy; IISc Digital Flora of Karnataka,"Common Spurge, Asthma herb, Australian asthma herb, Pill-bearing spurge, Snake weed"
Euphorbia tirucalli,142860,Least Concern,Least Concern,2017,GBIF; NCBI Taxonomy; IUCN Red List; IISc Digital Flora of Karnataka,"Milk hedge, Indian tree Spurge, Milk bush, Pencil Bush"
Exacum bicolor,84885,Least Concern,Not Evaluated,2021,GBIF; NCBI Taxonomy; IUCN Red List; IISc Digital Flora of Karnataka,Bicolor Persian Violet
Bergenia ciliata,278077,Least Concern,Not Found,2020,GBIF; NCBI Taxonomy; IUCN Red List; IISc Digital Flora of Karnataka,"Frilly bergenia, Hairy bergenia, Winter begonia"
Garcinia morella,1585849,Least Concern,Not Evaluated,2020,GBIF; NCBI Taxonomy; IUCN Red List; IISc Digital Flora of Karnataka,"Ceylon Gamboge, Indian Gamboge tree"
Garuga floribunda,173696,Least Concern,Not Found,2018,GBIF; NCBI Taxonomy; IUCN Red List; IISc Digital Flora of Karnataka,Not Found
Grangea maderaspatana,72940,Least Concern,Least Concern,2017,GBIF; NCBI Taxonomy; IUCN Red List; IISc Digital Flora of Karnataka,Not Found
Girardinia diversifolia,471946,Not Found,Not Evaluated,Not Found,GBIF; NCBI Taxonomy; IISc Digital Flora of Karnataka,"Nilghiri nettle,Bichchhoo, Indian stinging nettle"
Helicteres isora,1382013,Least Concern,Not Evaluated,2024,GBIF; NCBI Taxonomy; IUCN Red List; IISc Digital Flora of Karnataka,East-Indian screw Tree
Azima tetracantha,43153,Least Concern,Not Evaluated,2021,GBIF; NCBI Taxonomy; IUCN Red List; IISc Digital Flora of Karnataka,Mistletoe
Albizia lebbeck,371650,Least Concern,Not Evaluated,2020,GBIF; NCBI Taxonomy; IUCN Red List; IISc Digital Flora of Karnataka,"Siris Tree, East India walnut, Lebbek tree, Raom tree, Soros-tree, Womans tongue"
Rubia cordifolia,339321,Not Evaluated,Not Evaluated,Not Found,GBIF; NCBI Taxonomy; IISc Digital Flora of Karnataka,Indian Madder
Coccinia grandis,387127,Not Evaluated,Not Evaluated,Not Found,GBIF; NCBI Taxonomy; IISc Digital Flora of Karnataka,"Ivy Gourd, Scarlet gourd, Tindora"
Tagetes erecta,13708,Not Evaluated,Not Evaluated,Not Found,GBIF; NCBI Taxonomy; IISc Digital Flora of Karnataka,"Common Marigold Flower, Marigold, Dwarf Marigold, French Marigold, Marigold, Signet Marigold"
Lavandula bipinnata,85224,Least Concern,Not Evaluated,2022,GBIF; NCBI Taxonomy; IUCN Red List; IISc Digital Flora of Karnataka,Not Found
Xanthium indicum,318068,Not Evaluated,Not Evaluated,Not Found,GBIF; NCBI Taxonomy; IISc Digital Flora of Karnataka,"Burweed, Cocklebur, Rough cocklebur"
Holarrhena pubescens,69381,Least Concern,Least Concern,2020,GBIF; NCBI Taxonomy; IUCN Red List; IISc Digital Flora of Karnataka,"Kurchi, Tellicherry bark, Bitter Oleander, Easter Tree, Jasmine Tree, Coessi bark, Ivory tree"
Indigofera linifolia,539102,Least Concern,Not Found,2012,GBIF; NCBI Taxonomy; IUCN Red List,Not Found
Indigofera tinctoria,198914,Not Found,Not Evaluated,Not Found,GBIF; NCBI Taxonomy; IISc Digital Flora of Karnataka,"Common indigo, Madras indigo, Bengal Indigo, Black Henna, Dyers Indigo, East Asian Indigo Plant, Wild Indigo"
Phyllanthus reticulatus,296037,Least Concern,Not Evaluated,2020,GBIF; IUCN Red List; IISc Digital Flora of Karnataka,Not Found
Xanthophyllum flavescens,1489962,Least Concern,Not Evaluated,2024,GBIF; NCBI Taxonomy; IUCN Red List; IISc Digital Flora of Karnataka,Not Found
Xanthosoma sagittifolium,28478,Not Evaluated,Not Evaluated,Not Found,GBIF; NCBI Taxonomy; IISc Digital Flora of Karnataka,Arrowleaf Elephant's Ear
Citrus sinensis,2711,Not Evaluated,Not Evaluated,Not Found,GBIF; NCBI Taxonomy; IISc Digital Flora of Karnataka,"Orange, Sweet Orange, Batavian, Mozambique Orange, Tight skinned Orange, Sweet lime"
