mesh_id,therapeutic_use,mesh_category,mesh_category_name,mesh_sub_category_name,source
D000008,Abdominal Neoplasms,C04,Neoplasms,Neoplasms by Site,IMPPAT
D000019,Abortifacient Agents,D27,Chemical Actions and Uses,Pharmacologic Actions,IMPPAT
D000022,"Abortion, Spontaneous",C12,Urogenital Diseases,Female Urogenital Diseases and Pregnancy Complications,IMPPAT
D000038,Abscess,C01,Infections,Suppuration,IMPPAT
D000152,Acne Vulgaris,C17,Skin and Connective Tissue Diseases,Skin Diseases,IMPPAT
D000276,"Adjuvants, Immunologic",D27,Chemical Actions and Uses,Pharmacologic Actions,IMPPAT
D000435,Alcoholic Intoxication,C25,Chemically-Induced Disorders,Substance-Related Disorders,IMPPAT
D000485,Allergens,D23,Biological Factors,Antigens,IMPPAT
D000505,Alopecia,C23,"Pathological Conditions, Signs and Symptoms","Pathological Conditions, Anatomical",IMPPAT
D000506,Alopecia Areata,C17,Skin and Connective Tissue Diseases,Skin Diseases,IMPPAT
D000544,Alzheimer Disease,C10,Nervous System Diseases,Neurodegenerative Diseases,IMPPAT
D000568,Amenorrhea,C23,"Pathological Conditions, Signs and Symptoms",Pathologic Processes,IMPPAT
D000647,Amnesia,F03,Mental Disorders,Neurocognitive Disorders,IMPPAT
D000697,Central Nervous System Stimulants,D27,Chemical Actions and Uses,Pharmacologic Actions,IMPPAT
D000700,Analgesics,D27,Chemical Actions and Uses,Pharmacologic Actions,IMPPAT
D000707,Anaphylaxis,C20,Immune System Diseases,Hypersensitivity,IMPPAT
D000726,Androgen Antagonists,D06,"Hormones, Hormone Substitutes, and Hormone Antagonists",Hormone Antagonists,IMPPAT
D000728,Androgens,D27,Chemical Actions and Uses,Pharmacologic Actions,IMPPAT
D000740,Anemia,C15,Hemic and Lymphatic Diseases,Hematologic Diseases,IMPPAT
D000743,"Anemia, Hemolytic",C15,Hemic and Lymphatic Diseases,Hematologic Diseases,IMPPAT
D000758,Anesthesia,E03,Anesthesia and Analgesia,Anesthesia,IMPPAT
D000806,Angiotensin-Converting Enzyme Inhibitors,D27,Chemical Actions and Uses,Pharmacologic Actions,IMPPAT
D000855,Anorexia,C23,"Pathological Conditions, Signs and Symptoms",Signs and Symptoms,IMPPAT
D000871,Anthelmintics,D27,Chemical Actions and Uses,Pharmacologic Actions,IMPPAT
D000889,Anti-Arrhythmia Agents,D27,Chemical Actions and Uses,Pharmacologic Actions,IMPPAT
D000890,Anti-Infective Agents,D27,Chemical Actions and Uses,Pharmacologic Actions,IMPPAT
D000891,"Anti-Infective Agents, Local",D27,Chemical Actions and Uses,Pharmacologic Actions,IMPPAT
D000893,Anti-Inflammatory Agents,D27,Chemical Actions and Uses,Pharmacologic Actions,IMPPAT
D000900,Anti-Bacterial Agents,D27,Chemical Actions and Uses,Pharmacologic Actions,IMPPAT
D000925,Anticoagulants,D27,Chemical Actions and Uses,Pharmacologic Actions,IMPPAT
D000927,Anticonvulsants,D27,Chemical Actions and Uses,Pharmacologic Actions,IMPPAT
D000928,Antidepressive Agents,D27,Chemical Actions and Uses,Pharmacologic Actions,IMPPAT
D000931,Antidotes,D27,Chemical Actions and Uses,Specialty Uses of Chemicals,IMPPAT
D000932,Antiemetics,D27,Chemical Actions and Uses,Pharmacologic Actions,IMPPAT
D000935,Antifungal Agents,D27,Chemical Actions and Uses,Pharmacologic Actions,IMPPAT
D000959,Antihypertensive Agents,D27,Chemical Actions and Uses,Pharmacologic Actions,IMPPAT
D000960,Hypolipidemic Agents,D27,Chemical Actions and Uses,Pharmacologic Actions,IMPPAT
D000969,Antinematodal Agents,D27,Chemical Actions and Uses,Pharmacologic Actions,IMPPAT
D000970,Antineoplastic Agents,D27,Chemical Actions and Uses,Pharmacologic Actions,IMPPAT
D000975,Antioxidants,D23,Biological Factors,Antioxidants,IMPPAT
D000977,Antiparasitic Agents,D27,Chemical Actions and Uses,Pharmacologic Actions,IMPPAT
D000981,Antiprotozoal Agents,D27,Chemical Actions and Uses,Pharmacologic Actions,IMPPAT
D000982,Antipruritics,D27,Chemical Actions and Uses,Pharmacologic Actions,IMPPAT
D000988,Antispermatogenic Agents,D27,Chemical Actions and Uses,Pharmacologic Actions,IMPPAT
D000992,Antitoxins,D20,Complex Mixtures,Biological Products,IMPPAT
D000995,Antitubercular Agents,D27,Chemical Actions and Uses,Pharmacologic Actions,IMPPAT
D000996,Antitussive Agents,D27,Chemical Actions and Uses,Pharmacologic Actions,IMPPAT
D000998,Antiviral Agents,D27,Chemical Actions and Uses,Pharmacologic Actions,IMPPAT
D001008,Anxiety Disorders,F03,Mental Disorders,Anxiety Disorders,IMPPAT
D001046,Aphrodisiacs,D27,Chemical Actions and Uses,Pharmacologic Actions,IMPPAT
D001049,Apnea,C08,Respiratory Tract Diseases,Respiration Disorders,IMPPAT
D001098,Spider Bites,C26,Wounds and Injuries,Bites and Stings,IMPPAT
D001145,"Arrhythmias, Cardiac",C14,Cardiovascular Diseases,Heart Diseases,IMPPAT
D001168,Arthritis,C05,Musculoskeletal Diseases,Joint Diseases,IMPPAT
D001172,"Arthritis, Rheumatoid",C05,Musculoskeletal Diseases,Rheumatic Diseases,IMPPAT
D001196,Ascariasis,C01,Infections,Parasitic Diseases,IMPPAT
D001201,Ascites,C23,"Pathological Conditions, Signs and Symptoms",Pathologic Processes,IMPPAT
D001247,Asthenia,C23,"Pathological Conditions, Signs and Symptoms",Signs and Symptoms,IMPPAT
D001249,Asthma,C08,Respiratory Tract Diseases,Bronchial Diseases,IMPPAT
D001252,Astringents,D27,Chemical Actions and Uses,Pharmacologic Actions,IMPPAT
D001289,Attention Deficit Disorder with Hyperactivity,F03,Mental Disorders,Neurodevelopmental Disorders,IMPPAT
D001416,Back Pain,C23,"Pathological Conditions, Signs and Symptoms",Signs and Symptoms,IMPPAT
D001446,Balanitis,C12,Urogenital Diseases,Genital Diseases,IMPPAT
D001523,Mental Disorders,F03,Mental Disorders,,IMPPAT
D001602,Beriberi,C18,Nutritional and Metabolic Diseases,Nutrition Disorders,IMPPAT
D001647,Bile Acids and Salts,D04,Polycyclic Compounds,Fused-Ring Compounds,IMPPAT
D001660,Biliary Tract Diseases,C06,Digestive System Diseases,Biliary Tract Diseases,IMPPAT
D001733,Bites and Stings,C26,Wounds and Injuries,Bites and Stings,IMPPAT
D001744,Urinary Bladder Calculi,C12,Urogenital Diseases,Urologic Diseases,IMPPAT
D001745,Urinary Bladder Diseases,C12,Urogenital Diseases,Urologic Diseases,IMPPAT
D001766,Blindness,C11,Eye Diseases,Vision Disorders,IMPPAT
D001768,Blister,C23,"Pathological Conditions, Signs and Symptoms","Pathological Conditions, Anatomical",IMPPAT
D001786,Blood Glucose,D09,Carbohydrates,Sugars,IMPPAT
D001794,Blood Pressure,G09,Circulatory and Respiratory Physiological Phenomena,Cardiovascular Physiological Phenomena,IMPPAT
D001927,Brain Diseases,C10,Nervous System Diseases,Central Nervous System Diseases,IMPPAT
D001929,Brain Edema,C10,Nervous System Diseases,Central Nervous System Diseases,IMPPAT
D001941,Breast Diseases,C17,Skin and Connective Tissue Diseases,Skin Diseases,IMPPAT
D001982,Bronchial Diseases,C08,Respiratory Tract Diseases,Bronchial Diseases,IMPPAT
D001991,Bronchitis,C01,Infections,Respiratory Tract Infections,IMPPAT
D001993,Bronchodilator Agents,D27,Chemical Actions and Uses,Pharmacologic Actions,IMPPAT
D002056,Burns,C26,Wounds and Injuries,Burns,IMPPAT
D002100,Cachexia,C23,"Pathological Conditions, Signs and Symptoms",Signs and Symptoms,IMPPAT
D002137,Calculi,C23,"Pathological Conditions, Signs and Symptoms","Pathological Conditions, Anatomical",IMPPAT
D002145,Callosities,C17,Skin and Connective Tissue Diseases,Skin Diseases,IMPPAT
D002179,"Candidiasis, Cutaneous",C01,Infections,"Skin Diseases, Infectious",IMPPAT
D002199,Capillary Permeability,G03,Metabolism,Biological Transport,IMPPAT
D002270,Carbuncle,C01,Infections,"Skin Diseases, Infectious",IMPPAT
D002286,"Carcinoma, Ehrlich Tumor",C04,Neoplasms,"Neoplasms, Experimental",IMPPAT
D002316,Cardiotonic Agents,D27,Chemical Actions and Uses,Specialty Uses of Chemicals,IMPPAT
D002317,Cardiovascular Agents,D27,Chemical Actions and Uses,Pharmacologic Actions,IMPPAT
D002318,Cardiovascular Diseases,C14,Cardiovascular Diseases,,IMPPAT
D002319,Cardiovascular System,A07,Cardiovascular System,,IMPPAT
D002386,Cataract,C11,Eye Diseases,Lens Diseases,IMPPAT
D002400,Cathartics,D27,Chemical Actions and Uses,Pharmacologic Actions,IMPPAT
D002418,Cattle Diseases,C22,Animal Diseases,Cattle Diseases,IMPPAT
D002446,Celiac Disease,C18,Nutritional and Metabolic Diseases,Metabolic Diseases,IMPPAT
D002492,Central Nervous System Depressants,D27,Chemical Actions and Uses,Pharmacologic Actions,IMPPAT
D002493,Enfermedades del Sistema Nervioso Central,C10,Nervous System Diseases,Central Nervous System Diseases,IMPPAT
D002589,Cestoda,B01,Eukaryota,Animals,IMPPAT
D002601,Chancre,C01,Infections,Bacterial Infections and Mycoses,IMPPAT
D002613,Cheilitis,C07,Stomatognathic Diseases,Mouth Diseases,IMPPAT
D002637,Chest Pain,C23,"Pathological Conditions, Signs and Symptoms",Signs and Symptoms,IMPPAT
D002644,Chickenpox,C01,Infections,Virus Diseases,IMPPAT
D002756,Cholagogues and Choleretics,D27,Chemical Actions and Uses,Pharmacologic Actions,IMPPAT
D002771,Cholera,C01,Infections,Bacterial Infections and Mycoses,IMPPAT
D002779,Cholestasis,C06,Digestive System Diseases,Biliary Tract Diseases,IMPPAT
D002784,Cholesterol,D10,Lipids,Membrane Lipids,IMPPAT
D002800,Cholinesterase Inhibitors,D27,Chemical Actions and Uses,Pharmacologic Actions,IMPPAT
D002921,Cicatrix,A10,Tissues,Connective Tissue,IMPPAT
D003085,Colic,C16,"Congenital, Hereditary, and Neonatal Diseases and Abnormalities","Infant, Newborn, Diseases",IMPPAT
D003092,Colitis,C06,Digestive System Diseases,Gastrointestinal Diseases,IMPPAT
D003108,Colonic Diseases,C06,Digestive System Diseases,Gastrointestinal Diseases,IMPPAT
D003110,Colonic Neoplasms,C06,Digestive System Diseases,Digestive System Neoplasms,IMPPAT
D003128,Coma,C10,Nervous System Diseases,Neurologic Manifestations,IMPPAT
D003139,Common Cold,C01,Infections,Respiratory Tract Infections,IMPPAT
D003231,Conjunctivitis,C11,Eye Diseases,Conjunctival Diseases,IMPPAT
D003233,"Conjunctivitis, Allergic",C11,Eye Diseases,Conjunctival Diseases,IMPPAT
D003248,Constipation,C23,"Pathological Conditions, Signs and Symptoms",Signs and Symptoms,IMPPAT
D003270,Contraceptive Agents,D27,Chemical Actions and Uses,Pharmacologic Actions,IMPPAT
D003288,Contusions,C26,Wounds and Injuries,"Wounds, Nonpenetrating",IMPPAT
D003316,Corneal Diseases,C11,Eye Diseases,Corneal Diseases,IMPPAT
D003318,Corneal Opacity,C11,Eye Diseases,Corneal Diseases,IMPPAT
D003324,Coronary Artery Disease,C14,Cardiovascular Diseases,Heart Diseases,IMPPAT
D003358,Cosmetics,D27,Chemical Actions and Uses,Specialty Uses of Chemicals,IMPPAT
D003371,Cough,C08,Respiratory Tract Diseases,Respiration Disorders,IMPPAT
D003556,Cystitis,C12,Urogenital Diseases,Urologic Diseases,IMPPAT
D003638,Deafness,C09,Otorhinolaryngologic Diseases,Ear Diseases,IMPPAT
D003693,Delirium,F03,Mental Disorders,Neurocognitive Disorders,IMPPAT
D003702,Delusions,F01,Behavior and Behavior Mechanisms,Behavior,IMPPAT
D003716,Dengue Virus,B04,Viruses,RNA Viruses,IMPPAT
D003731,Dental Caries,C07,Stomatognathic Diseases,Tooth Diseases,IMPPAT
D003773,Dental Plaque,C07,Stomatognathic Diseases,Tooth Diseases,IMPPAT
D003836,Deodorants,D27,Chemical Actions and Uses,Specialty Uses of Chemicals,IMPPAT
D003866,Depressive Disorder,F03,Mental Disorders,Mood Disorders,IMPPAT
D003872,Dermatitis,C17,Skin and Connective Tissue Diseases,Skin Diseases,IMPPAT
D003879,Dermatologic Agents,D27,Chemical Actions and Uses,Pharmacologic Actions,IMPPAT
D003881,Dermatomycoses,C01,Infections,"Skin Diseases, Infectious",IMPPAT
D003920,Diabetes Mellitus,C19,Endocrine System Diseases,Diabetes Mellitus,IMPPAT
D003967,Diarrhea,C23,"Pathological Conditions, Signs and Symptoms",Signs and Symptoms,IMPPAT
D003968,"Diarrhea, Infantile",C23,"Pathological Conditions, Signs and Symptoms",Signs and Symptoms,IMPPAT
D004066,Digestive System Diseases,C06,Digestive System Diseases,,IMPPAT
D004165,Diphtheria,C01,Infections,Bacterial Infections and Mycoses,IMPPAT
D004202,Disinfectants,D27,Chemical Actions and Uses,Specialty Uses of Chemicals,IMPPAT
D004204,Joint Dislocations,C26,Wounds and Injuries,Joint Dislocations,IMPPAT
D004232,Diuretics,D27,Chemical Actions and Uses,Pharmacologic Actions,IMPPAT
D004244,Dizziness,C23,"Pathological Conditions, Signs and Symptoms",Signs and Symptoms,IMPPAT
D004320,Dracunculiasis,C01,Infections,Parasitic Diseases,IMPPAT
D004403,Dysentery,C06,Digestive System Diseases,Gastrointestinal Diseases,IMPPAT
D004404,"Dysentery, Amebic",C01,Infections,Parasitic Diseases,IMPPAT
D004412,Dysmenorrhea,C23,"Pathological Conditions, Signs and Symptoms",Pathologic Processes,IMPPAT
D004415,Dyspepsia,C23,"Pathological Conditions, Signs and Symptoms",Signs and Symptoms,IMPPAT
D004417,Dyspnea,C08,Respiratory Tract Diseases,Respiration Disorders,IMPPAT
D004420,Dystocia,C12,Urogenital Diseases,Female Urogenital Diseases and Pregnancy Complications,IMPPAT
D004427,Ear Diseases,C09,Otorhinolaryngologic Diseases,Ear Diseases,IMPPAT
D004433,Earache,C09,Otorhinolaryngologic Diseases,Ear Diseases,IMPPAT
D004485,Eczema,C17,Skin and Connective Tissue Diseases,Skin Diseases,IMPPAT
D004487,Edema,C23,"Pathological Conditions, Signs and Symptoms",Signs and Symptoms,IMPPAT
D004604,Elephantiasis,C15,Hemic and Lymphatic Diseases,Lymphatic Diseases,IMPPAT
D004614,Emaciation,C23,"Pathological Conditions, Signs and Symptoms",Signs and Symptoms,IMPPAT
D004639,Emetics,D27,Chemical Actions and Uses,Pharmacologic Actions,IMPPAT
D004643,Emollients,D27,Chemical Actions and Uses,Pharmacologic Actions,IMPPAT
D004653,Empyema,C01,Infections,Suppuration,IMPPAT
D004660,Encephalitis,C10,Nervous System Diseases,Neuroinflammatory Diseases,IMPPAT
D004686,Encephalomyocarditis virus,B04,Viruses,RNA Viruses,IMPPAT
D004700,Endocrine System Diseases,C19,Endocrine System Diseases,,IMPPAT
D004733,Enema,E02,Therapeutics,Drug Therapy,IMPPAT
D004757,Enterobius,B01,Eukaryota,Animals,IMPPAT
D004827,Epilepsy,C10,Nervous System Diseases,Central Nervous System Diseases,IMPPAT
D004844,Epistaxis,C08,Respiratory Tract Diseases,Nose Diseases,IMPPAT
D004854,"Herpesvirus 4, Human",B04,Viruses,DNA Viruses,IMPPAT
D004886,Erysipelas,C01,Infections,"Skin Diseases, Infectious",IMPPAT
D005076,Exanthema,C17,Skin and Connective Tissue Diseases,Skin Diseases,IMPPAT
D005100,Expectorants,D27,Chemical Actions and Uses,Pharmacologic Actions,IMPPAT
D005126,Eye Burns,C26,Wounds and Injuries,Burns,IMPPAT
D005128,Eye Diseases,C11,Eye Diseases,,IMPPAT
D005141,Eyelid Diseases,C11,Eye Diseases,Eyelid Diseases,IMPPAT
D005158,Facial Paralysis,C07,Stomatognathic Diseases,Mouth Diseases,IMPPAT
D005221,Fatigue,C23,"Pathological Conditions, Signs and Symptoms",Signs and Symptoms,IMPPAT
D005299,Fertility Agents,D27,Chemical Actions and Uses,Pharmacologic Actions,IMPPAT
D005300,"Fertility Agents, Female",D27,Chemical Actions and Uses,Pharmacologic Actions,IMPPAT
D005334,Fever,C23,"Pathological Conditions, Signs and Symptoms",Signs and Symptoms,IMPPAT
D005355,Fibrosis,C23,"Pathological Conditions, Signs and Symptoms",Pathologic Processes,IMPPAT
D005368,Filariasis,C01,Infections,Parasitic Diseases,IMPPAT
D005400,"Fishes, Poisonous",B01,Eukaryota,Animals,IMPPAT
D005401,Fissure in Ano,C06,Digestive System Diseases,Gastrointestinal Diseases,IMPPAT
D005402,Fistula,C23,"Pathological Conditions, Signs and Symptoms","Pathological Conditions, Anatomical",IMPPAT
D005414,Flatulence,C23,"Pathological Conditions, Signs and Symptoms",Signs and Symptoms,IMPPAT
D005512,Food Hypersensitivity,C20,Immune System Diseases,Hypersensitivity,IMPPAT
D005667,Furunculosis,C22,Animal Diseases,Fish Diseases,IMPPAT
D005705,Gallbladder Diseases,C06,Digestive System Diseases,Biliary Tract Diseases,IMPPAT
D005734,Gangrene,C23,"Pathological Conditions, Signs and Symptoms",Pathologic Processes,IMPPAT
D005744,Gastric Acid,A12,Fluids and Secretions,Bodily Secretions,IMPPAT
D005756,Gastritis,C06,Digestive System Diseases,Gastrointestinal Diseases,IMPPAT
D005759,Gastroenteritis,C06,Digestive System Diseases,Gastrointestinal Diseases,IMPPAT
D005765,Gastrointestinal Agents,D27,Chemical Actions and Uses,Pharmacologic Actions,IMPPAT
D005767,Gastrointestinal Diseases,C06,Digestive System Diseases,Gastrointestinal Diseases,IMPPAT
D005769,Gastrointestinal Motility,G10,Digestive System and Oral Physiological Phenomena,Digestive System Physiological Phenomena,IMPPAT
D005831,"Genital Diseases, Female",C12,Urogenital Diseases,Genital Diseases,IMPPAT
D005884,Gingival Hemorrhage,C07,Stomatognathic Diseases,Mouth Diseases,IMPPAT
D005891,Gingivitis,C01,Infections,Gingivitis,IMPPAT
D006029,Glycosuria,C12,Urogenital Diseases,Urologic Diseases,IMPPAT
D006042,Goiter,C19,Endocrine System Diseases,Thyroid Diseases,IMPPAT
D006069,Gonorrhea,C01,Infections,Sexually Transmitted Diseases,IMPPAT
D006073,Gout,C05,Musculoskeletal Diseases,Rheumatic Diseases,IMPPAT
D006201,Hair Diseases,C17,Skin and Connective Tissue Diseases,Skin Diseases,IMPPAT
D006202,Hair Dyes,D27,Chemical Actions and Uses,Specialty Uses of Chemicals,IMPPAT
D006209,Halitosis,C23,"Pathological Conditions, Signs and Symptoms",Signs and Symptoms,IMPPAT
D006212,Hallucinations,F01,Behavior and Behavior Mechanisms,Neurobehavioral Manifestations,IMPPAT
D006213,Hallucinogens,D27,Chemical Actions and Uses,Pharmacologic Actions,IMPPAT
D006255,"Rhinitis, Allergic, Seasonal",C08,Respiratory Tract Diseases,Respiratory Hypersensitivity,IMPPAT
D006261,Headache,C23,"Pathological Conditions, Signs and Symptoms",Signs and Symptoms,IMPPAT
D006331,Heart Diseases,C14,Cardiovascular Diseases,Heart Diseases,IMPPAT
D006356,Heartburn,C23,"Pathological Conditions, Signs and Symptoms",Signs and Symptoms,IMPPAT
D006373,Helminthiasis,C01,Infections,Parasitic Diseases,IMPPAT
D006384,Hemagglutination,G02,Chemical Phenomena,Biochemical Phenomena,IMPPAT
D006397,Hematinics,D27,Chemical Actions and Uses,Pharmacologic Actions,IMPPAT
D006402,Hematologic Diseases,C15,Hemic and Lymphatic Diseases,Hematologic Diseases,IMPPAT
D006417,Hematuria,C12,Urogenital Diseases,Urologic Diseases,IMPPAT
D006429,Hemiplegia,C10,Nervous System Diseases,Neurologic Manifestations,IMPPAT
D006469,Hemoptysis,C08,Respiratory Tract Diseases,Lung Diseases,IMPPAT
D006470,Hemorrhage,C23,"Pathological Conditions, Signs and Symptoms",Pathologic Processes,IMPPAT
D006471,Gastrointestinal Hemorrhage,C06,Digestive System Diseases,Gastrointestinal Diseases,IMPPAT
D006473,Postpartum Hemorrhage,C12,Urogenital Diseases,Female Urogenital Diseases and Pregnancy Complications,IMPPAT
D006484,Hemorrhoids,C14,Cardiovascular Diseases,Vascular Diseases,IMPPAT
D006487,Hemostasis,G09,Circulatory and Respiratory Physiological Phenomena,Blood Physiological Phenomena,IMPPAT
D006490,Hemostatics,D27,Chemical Actions and Uses,Pharmacologic Actions,IMPPAT
D006505,Hepatitis,C06,Digestive System Diseases,Liver Diseases,IMPPAT
D006525,"Hepatitis, Viral, Human",C01,Infections,Virus Diseases,IMPPAT
D006529,Hepatomegaly,C06,Digestive System Diseases,Liver Diseases,IMPPAT
D006561,Herpes Simplex,C01,Infections,Virus Diseases,IMPPAT
D006606,Hiccup,C23,"Pathological Conditions, Signs and Symptoms",Signs and Symptoms,IMPPAT
D006633,Histamine Antagonists,D27,Chemical Actions and Uses,Pharmacologic Actions,IMPPAT
D006636,Histamine Release,G12,Immune System Phenomena,Histamine Release,IMPPAT
D006685,Hoarseness,C08,Respiratory Tract Diseases,Respiration Disorders,IMPPAT
D006848,Testicular Hydrocele,C19,Endocrine System Diseases,Gonadal Disorders,IMPPAT
D006937,Hypercholesterolemia,C18,Nutritional and Metabolic Diseases,Metabolic Diseases,IMPPAT
D006945,Hyperhidrosis,C17,Skin and Connective Tissue Diseases,Skin Diseases,IMPPAT
D006949,Hyperlipidemias,C18,Nutritional and Metabolic Diseases,Metabolic Diseases,IMPPAT
D006967,Hypersensitivity,C20,Immune System Diseases,Hypersensitivity,IMPPAT
D006973,Hypertension,C14,Cardiovascular Diseases,Vascular Diseases,IMPPAT
D006993,Hypnotics and Sedatives,D27,Chemical Actions and Uses,Pharmacologic Actions,IMPPAT
D007003,Hypoglycemia,C18,Nutritional and Metabolic Diseases,Metabolic Diseases,IMPPAT
D007004,Hypoglycemic Agents,D27,Chemical Actions and Uses,Pharmacologic Actions,IMPPAT
D007007,Hypohidrosis,C17,Skin and Connective Tissue Diseases,Skin Diseases,IMPPAT
D007022,Hypotension,C14,Cardiovascular Diseases,Vascular Diseases,IMPPAT
D007035,Hypothermia,C23,"Pathological Conditions, Signs and Symptoms",Signs and Symptoms,IMPPAT
D007046,Hysteria,F03,Mental Disorders,Personality Disorders,IMPPAT
D007166,Immunosuppressive Agents,D27,Chemical Actions and Uses,Pharmacologic Actions,IMPPAT
D007169,Impetigo,C01,Infections,"Skin Diseases, Infectious",IMPPAT
D007172,Erectile Dysfunction,F03,Mental Disorders,"Sexual Dysfunctions, Psychological",IMPPAT
D007239,Infections,C01,Infections,,IMPPAT
D007246,Infertility,C12,Urogenital Diseases,Genital Diseases,IMPPAT
D007247,"Infertility, Female",C12,Urogenital Diseases,Genital Diseases,IMPPAT
D007248,"Infertility, Male",C12,Urogenital Diseases,Genital Diseases,IMPPAT
D007249,Inflammation,C23,"Pathological Conditions, Signs and Symptoms",Pathologic Processes,IMPPAT
D007251,"Influenza, Human",C01,Infections,Respiratory Tract Infections,IMPPAT
D007299,Insect Bites and Stings,C26,Wounds and Injuries,Bites and Stings,IMPPAT
D007302,Insect Repellents,D27,Chemical Actions and Uses,Toxic Actions,IMPPAT
D007306,Insecticides,D27,Chemical Actions and Uses,Toxic Actions,IMPPAT
D007319,Sleep Initiation and Maintenance Disorders,C10,Nervous System Diseases,Sleep Wake Disorders,IMPPAT
D007410,Intestinal Diseases,C06,Digestive System Diseases,Gastrointestinal Diseases,IMPPAT
D007411,"Intestinal Diseases, Parasitic",C01,Infections,Parasitic Diseases,IMPPAT
D007486,Ipecac,D20,Complex Mixtures,Biological Products,IMPPAT
D007565,Jaundice,C23,"Pathological Conditions, Signs and Symptoms",Pathologic Processes,IMPPAT
D007592,Joint Diseases,C05,Musculoskeletal Diseases,Joint Diseases,IMPPAT
D007669,Kidney Calculi,C12,Urogenital Diseases,Urologic Diseases,IMPPAT
D007674,Kidney Diseases,C12,Urogenital Diseases,Urologic Diseases,IMPPAT
D007766,Lacrimal Apparatus Diseases,C11,Eye Diseases,Lacrimal Apparatus Diseases,IMPPAT
D007774,Lactation,G08,Reproductive and Urinary Physiological Phenomena,Reproductive Physiological Phenomena,IMPPAT
D007775,Lactation Disorders,C17,Skin and Connective Tissue Diseases,Skin Diseases,IMPPAT
D007818,Laryngeal Diseases,C08,Respiratory Tract Diseases,Laryngeal Diseases,IMPPAT
D007827,Laryngitis,C01,Infections,Respiratory Tract Infections,IMPPAT
D007865,Leeches,B01,Eukaryota,Animals,IMPPAT
D007896,Leishmaniasis,C01,Infections,Vector Borne Diseases,IMPPAT
D007918,Leprosy,C01,Infections,Bacterial Infections and Mycoses,IMPPAT
D007938,Leukemia,C04,Neoplasms,Neoplasms by Histologic Type,IMPPAT
D007962,Leukocytes,A11,Cells,Blood Cells,IMPPAT
D007973,Leukorrhea,C12,Urogenital Diseases,Genital Diseases,IMPPAT
D008099,Liver,A03,Digestive System,Liver,IMPPAT
D008103,Liver Cirrhosis,C06,Digestive System Diseases,Liver Diseases,IMPPAT
D008107,Liver Diseases,C06,Digestive System Diseases,Liver Diseases,IMPPAT
D008124,Locomotion,G07,Physiological Phenomena,Movement,IMPPAT
D008171,Lung Diseases,C08,Respiratory Tract Diseases,Lung Diseases,IMPPAT
D008180,"Lupus Erythematosus, Systemic",C17,Skin and Connective Tissue Diseases,Connective Tissue Diseases,IMPPAT
D008199,Lymphadenitis,C15,Hemic and Lymphatic Diseases,Lymphatic Diseases,IMPPAT
D008286,Malabsorption Syndromes,C18,Nutritional and Metabolic Diseases,Metabolic Diseases,IMPPAT
D008288,Malaria,C01,Infections,Parasitic Diseases,IMPPAT
D008413,Mastitis,C17,Skin and Connective Tissue Diseases,Skin Diseases,IMPPAT
D008457,Measles,C01,Infections,Virus Diseases,IMPPAT
D008545,Melanoma,C04,Neoplasms,Neoplasms by Histologic Type,IMPPAT
D008548,Melanosis,C17,Skin and Connective Tissue Diseases,Skin Diseases,IMPPAT
D008551,Melena,A12,Fluids and Secretions,Feces,IMPPAT
D008569,Memory Disorders,F01,Behavior and Behavior Mechanisms,Neurobehavioral Manifestations,IMPPAT
D008593,Menopause,G08,Reproductive and Urinary Physiological Phenomena,Reproductive Physiological Phenomena,IMPPAT
D008595,Menorrhagia,C23,"Pathological Conditions, Signs and Symptoms",Pathologic Processes,IMPPAT
D008597,Menstrual Cycle,G08,Reproductive and Urinary Physiological Phenomena,Reproductive Physiological Phenomena,IMPPAT
D008598,Menstruation,G08,Reproductive and Urinary Physiological Phenomena,Reproductive Physiological Phenomena,IMPPAT
D008599,Menstruation Disturbances,C23,"Pathological Conditions, Signs and Symptoms",Pathologic Processes,IMPPAT
D008600,Menstruation-Inducing Agents,D27,Chemical Actions and Uses,Pharmacologic Actions,IMPPAT
D008660,Metabolism,G03,Metabolism,,IMPPAT
D008796,Metrorrhagia,C23,"Pathological Conditions, Signs and Symptoms",Pathologic Processes,IMPPAT
D008842,Microfilariae,B05,Organism Forms,Microfilariae,IMPPAT
D008881,Migraine Disorders,C10,Nervous System Diseases,Central Nervous System Diseases,IMPPAT
D008975,Molluscacides,D27,Chemical Actions and Uses,Toxic Actions,IMPPAT
D009032,Mosquito Control,N06,Environment and Public Health,Public Health,IMPPAT
D009059,Mouth Diseases,C07,Stomatognathic Diseases,Mouth Diseases,IMPPAT
D009062,Mouth Neoplasms,C07,Stomatognathic Diseases,Mouth Diseases,IMPPAT
D009067,Mouthwashes,D25,Biomedical and Dental Materials,Mouthwashes,IMPPAT
D009093,Mucus,A12,Fluids and Secretions,Bodily Secretions,IMPPAT
D009107,Mumps,C07,Stomatognathic Diseases,Mouth Diseases,IMPPAT
D009126,Muscle Relaxation,G11,Musculoskeletal and Neural Physiological Phenomena,Musculoskeletal Physiological Phenomena,IMPPAT
D009135,Muscular Diseases,C05,Musculoskeletal Diseases,Muscular Diseases,IMPPAT
D009140,Musculoskeletal Diseases,C05,Musculoskeletal Diseases,,IMPPAT
D009181,Mycoses,C01,Infections,Bacterial Infections and Mycoses,IMPPAT
D009189,Avian Myeloblastosis Virus,B04,Viruses,Oncogenic Viruses,IMPPAT
D009201,Myocardial Depressant Factor,D12,"Amino Acids, Peptides, and Proteins",Peptides,IMPPAT
D009202,Cardiomyopathies,C14,Cardiovascular Diseases,Heart Diseases,IMPPAT
D009260,Nail Diseases,C17,Skin and Connective Tissue Diseases,Skin Diseases,IMPPAT
D009294,Narcotics,D27,Chemical Actions and Uses,Pharmacologic Actions,IMPPAT
D009325,Nausea,C23,"Pathological Conditions, Signs and Symptoms",Signs and Symptoms,IMPPAT
D009369,Neoplasms,C04,Neoplasms,,IMPPAT
D009375,"Neoplasms, Glandular and Epithelial",C04,Neoplasms,Neoplasms by Histologic Type,IMPPAT
D009393,Nephritis,C12,Urogenital Diseases,Urologic Diseases,IMPPAT
D009422,Nervous System Diseases,C10,Nervous System Diseases,,IMPPAT
D009437,Neuralgia,C10,Nervous System Diseases,Neuromuscular Diseases,IMPPAT
D009440,Neurasthenia,F03,Mental Disorders,Somatoform Disorders,IMPPAT
D009497,Neurotic Disorders,F03,Mental Disorders,Neurotic Disorders,IMPPAT
D009668,Nose Diseases,C08,Respiratory Tract Diseases,Nose Diseases,IMPPAT
D009755,Night Blindness,C11,Eye Diseases,Vision Disorders,IMPPAT
D009765,Obesity,C18,Nutritional and Metabolic Diseases,Nutrition Disorders,IMPPAT
D009845,Oligospermia,C12,Urogenital Diseases,Genital Diseases,IMPPAT
D009846,Oliguria,C12,Urogenital Diseases,Urologic Diseases,IMPPAT
D009877,Endophthalmitis,C01,Infections,Eye Infections,IMPPAT
D009883,Ophthalmic Solutions,D26,Pharmaceutical Preparations,Solutions,IMPPAT
D009920,Orchitis,C19,Endocrine System Diseases,Gonadal Disorders,IMPPAT
D009980,Influenza A virus,B04,Viruses,RNA Viruses,IMPPAT
D010003,Osteoarthritis,C05,Musculoskeletal Diseases,Rheumatic Diseases,IMPPAT
D010031,Otitis,C09,Otorhinolaryngologic Diseases,Ear Diseases,IMPPAT
D010033,Otitis Media,C09,Otorhinolaryngologic Diseases,Ear Diseases,IMPPAT
D010035,"Otitis Media, Suppurative",C01,Infections,Suppuration,IMPPAT
D010120,Oxytocics,D27,Chemical Actions and Uses,Pharmacologic Actions,IMPPAT
D010146,Pain,C23,"Pathological Conditions, Signs and Symptoms",Signs and Symptoms,IMPPAT
D010243,Paralysis,P45,,,IMPPAT
D010276,Parasympatholytics,D27,Chemical Actions and Uses,Pharmacologic Actions,IMPPAT
D010284,Paratyphoid Fever,C01,Infections,Bacterial Infections and Mycoses,IMPPAT
D010300,Parkinson Disease,C10,Nervous System Diseases,Neurodegenerative Diseases,IMPPAT
D010304,Paronychia,C01,Infections,"Skin Diseases, Infectious",IMPPAT
D010369,Pectoralis Muscles,A02,Musculoskeletal System,Muscles,IMPPAT
D010373,Lice Infestations,C01,Infections,Parasitic Diseases,IMPPAT
D010409,Penile Diseases,C12,Urogenital Diseases,Genital Diseases,IMPPAT
D010437,Peptic Ulcer,C06,Digestive System Diseases,Gastrointestinal Diseases,IMPPAT
D010510,Periodontal Diseases,C07,Stomatognathic Diseases,Mouth Diseases,IMPPAT
D010518,Periodontitis,C07,Stomatognathic Diseases,Mouth Diseases,IMPPAT
D010523,Peripheral Nervous System Diseases,C10,Nervous System Diseases,Neuromuscular Diseases,IMPPAT
D010575,Pesticides,D27,Chemical Actions and Uses,Toxic Actions,IMPPAT
D010612,Pharyngitis,C01,Infections,Respiratory Tract Infections,IMPPAT
D010807,Physical Endurance,G11,Musculoskeletal and Neural Physiological Phenomena,Musculoskeletal Physiological Phenomena,IMPPAT
D010930,Plague,C01,Infections,Vector Borne Diseases,IMPPAT
D010975,Platelet Aggregation Inhibitors,D27,Chemical Actions and Uses,Pharmacologic Actions,IMPPAT
D010998,Pleurisy,C01,Infections,Respiratory Tract Infections,IMPPAT
D011014,Pneumonia,C01,Infections,Respiratory Tract Infections,IMPPAT
D011041,Poisoning,C25,Chemically-Induced Disorders,Poisoning,IMPPAT
D011051,Poliomyelitis,C10,Nervous System Diseases,Neuromuscular Diseases,IMPPAT
D011141,Polyuria,C12,Urogenital Diseases,Urologic Diseases,IMPPAT
D011181,Postnatal Care,E02,Therapeutics,Patient Care,IMPPAT
D011225,Pre-Eclampsia,C12,Urogenital Diseases,Female Urogenital Diseases and Pregnancy Complications,IMPPAT
D011247,Pregnancy,G08,Reproductive and Urinary Physiological Phenomena,Reproductive Physiological Phenomena,IMPPAT
D011248,Pregnancy Complications,C12,Urogenital Diseases,Female Urogenital Diseases and Pregnancy Complications,IMPPAT
D011293,Premenstrual Syndrome,C23,"Pathological Conditions, Signs and Symptoms",Pathologic Processes,IMPPAT
D011295,Prenatal Care,E02,Therapeutics,Patient Care,IMPPAT
D011471,Prostatic Neoplasms,C12,Urogenital Diseases,Urogenital Neoplasms,IMPPAT
D011537,Pruritus,C17,Skin and Connective Tissue Diseases,Skin Diseases,IMPPAT
D011565,Psoriasis,C17,Skin and Connective Tissue Diseases,Skin Diseases,IMPPAT
D011602,Psychophysiologic Disorders,C23,"Pathological Conditions, Signs and Symptoms",Signs and Symptoms,IMPPAT
D011628,"Puberty, Delayed",C19,Endocrine System Diseases,Gonadal Disorders,IMPPAT
D011657,Pulmonary Eosinophilia,C08,Respiratory Tract Diseases,Lung Diseases,IMPPAT
D011818,Rabies,C01,Infections,Virus Diseases,IMPPAT
D011837,Radiation-Protective Agents,D27,Chemical Actions and Uses,Specialty Uses of Chemicals,IMPPAT
D012003,Rectal Fistula,C06,Digestive System Diseases,Digestive System Fistula,IMPPAT
D012005,Rectal Prolapse,C06,Digestive System Diseases,Gastrointestinal Diseases,IMPPAT
D012060,Rejuvenation,E02,Therapeutics,Rejuvenation,IMPPAT
D012063,Relaxation,I03,Human Activities,Leisure Activities,IMPPAT
D012140,Respiratory Tract Diseases,C08,Respiratory Tract Diseases,,IMPPAT
D012141,Respiratory Tract Infections,C01,Infections,Respiratory Tract Infections,IMPPAT
D012216,Rheumatic Diseases,C05,Musculoskeletal Diseases,Rheumatic Diseases,IMPPAT
D012220,Rhinitis,C01,Infections,Respiratory Tract Infections,IMPPAT
D012279,Rickets,C05,Musculoskeletal Diseases,Bone Diseases,IMPPAT
D012509,Sarcoma,C04,Neoplasms,Neoplasms by Histologic Type,IMPPAT
D012532,Scabies,C17,Skin and Connective Tissue Diseases,Skin Diseases,IMPPAT
D012536,Scalp Dermatoses,C17,Skin and Connective Tissue Diseases,Skin Diseases,IMPPAT
D012585,Sciatica,C10,Nervous System Diseases,Neuromuscular Diseases,IMPPAT
D012614,Scurvy,C14,Cardiovascular Diseases,Vascular Diseases,IMPPAT
D012735,"Sexual Dysfunction, Physiological",C12,Urogenital Diseases,Genital Diseases,IMPPAT
D012749,Sexually Transmitted Diseases,C01,Infections,Sexually Transmitted Diseases,IMPPAT
D012829,Silicosis,C24,Occupational Diseases,Pneumoconiosis,IMPPAT
D012852,Sinusitis,C01,Infections,Respiratory Tract Infections,IMPPAT
D012871,Skin Diseases,C17,Skin and Connective Tissue Diseases,Skin Diseases,IMPPAT
D012874,"Skin Diseases, Infectious",C01,Infections,"Skin Diseases, Infectious",IMPPAT
D012878,Skin Neoplasms,C04,Neoplasms,Neoplasms by Site,IMPPAT
D012880,Skin Pigmentation,G13,Integumentary System Physiological Phenomena,Skin Physiological Phenomena,IMPPAT
D012899,Smallpox,C01,Infections,Virus Diseases,IMPPAT
D012909,Snake Bites,C26,Wounds and Injuries,Bites and Stings,IMPPAT
D012912,Sneezing,G09,Circulatory and Respiratory Physiological Phenomena,Respiratory Physiological Phenomena,IMPPAT
D013035,Spasm,C10,Nervous System Diseases,Neurologic Manifestations,IMPPAT
D013089,Spermatocidal Agents,D27,Chemical Actions and Uses,Pharmacologic Actions,IMPPAT
D013158,Splenic Diseases,C15,Hemic and Lymphatic Diseases,Lymphatic Diseases,IMPPAT
D013163,Splenomegaly,C23,"Pathological Conditions, Signs and Symptoms","Pathological Conditions, Anatomical",IMPPAT
D013180,Sprains and Strains,C26,Wounds and Injuries,Sprains and Strains,IMPPAT
D013245,"Sterilization, Reproductive",E04,"Surgical Procedures, Operative",Urogenital Surgical Procedures,IMPPAT
D013272,Stomach Diseases,C06,Digestive System Diseases,Gastrointestinal Diseases,IMPPAT
D013274,Stomach Neoplasms,C06,Digestive System Diseases,Digestive System Neoplasms,IMPPAT
D013276,Stomach Ulcer,C06,Digestive System Diseases,Gastrointestinal Diseases,IMPPAT
D013280,Stomatitis,C07,Stomatognathic Diseases,Mouth Diseases,IMPPAT
D013281,"Stomatitis, Aphthous",C07,Stomatognathic Diseases,Mouth Diseases,IMPPAT
D013312,"Stress, Physiological",G07,Physiological Phenomena,"Stress, Physiological",IMPPAT
D013342,Stuttering,C10,Nervous System Diseases,Neurologic Manifestations,IMPPAT
D013474,Sunstroke,C26,Wounds and Injuries,Heat Stress Disorders,IMPPAT
D013492,Suppuration,C01,Infections,Suppuration,IMPPAT
D013566,Sympathomimetics,D27,Chemical Actions and Uses,Pharmacologic Actions,IMPPAT
D013575,Syncope,C10,Nervous System Diseases,Neurologic Manifestations,IMPPAT
D013587,Syphilis,C01,Infections,Sexually Transmitted Diseases,IMPPAT
D013610,Tachycardia,C14,Cardiovascular Diseases,Heart Diseases,IMPPAT
D013651,Taste Disorders,C10,Nervous System Diseases,Neurologic Manifestations,IMPPAT
D013742,Tetanus,C01,Infections,Bacterial Infections and Mycoses,IMPPAT
D013894,Thirst,F01,Behavior and Behavior Mechanisms,Motivation,IMPPAT
D013927,Thrombosis,C14,Cardiovascular Diseases,Vascular Diseases,IMPPAT
D013956,Antithyroid Agents,D06,"Hormones, Hormone Substitutes, and Hormone Antagonists",Hormone Antagonists,IMPPAT
D014060,Tongue Diseases,C07,Stomatognathic Diseases,Mouth Diseases,IMPPAT
D014069,Tonsillitis,C01,Infections,Respiratory Tract Infections,IMPPAT
D014076,Tooth Diseases,C07,Stomatognathic Diseases,Tooth Diseases,IMPPAT
D014086,Tooth Mobility,G10,Digestive System and Oral Physiological Phenomena,Dental Physiological Phenomena,IMPPAT
D014098,Toothache,C07,Stomatognathic Diseases,Tooth Diseases,IMPPAT
D014099,Toothbrushing,E06,Dentistry,Preventive Dentistry,IMPPAT
D014149,Tranquilizing Agents,D27,Chemical Actions and Uses,Pharmacologic Actions,IMPPAT
D014151,Anti-Anxiety Agents,D27,Chemical Actions and Uses,Pharmacologic Actions,IMPPAT
D014313,Trismus,C10,Nervous System Diseases,Neurologic Manifestations,IMPPAT
D014352,Trypanosomiasis,C01,Infections,Parasitic Diseases,IMPPAT
D014361,Trypsin Inhibitors,D27,Chemical Actions and Uses,Pharmacologic Actions,IMPPAT
D014376,Tuberculosis,C01,Infections,Bacterial Infections and Mycoses,IMPPAT
D014388,"Tuberculosis, Lymph Node",C01,Infections,Bacterial Infections and Mycoses,IMPPAT
D014397,"Tuberculosis, Pulmonary",C01,Infections,Respiratory Tract Infections,IMPPAT
D014431,Tylenchoidea,B01,Eukaryota,Animals,IMPPAT
D014435,Typhoid Fever,C01,Infections,Bacterial Infections and Mycoses,IMPPAT
D014456,Ulcer,C23,"Pathological Conditions, Signs and Symptoms",Pathologic Processes,IMPPAT
D014545,Urinary Calculi,C12,Urogenital Diseases,Urologic Diseases,IMPPAT
D014549,Urinary Incontinence,C12,Urogenital Diseases,Urologic Diseases,IMPPAT
D014552,Urinary Tract Infections,C01,Infections,Urinary Tract Infections,IMPPAT
D014555,Urination Disorders,C12,Urogenital Diseases,Urologic Diseases,IMPPAT
D014566,Urogenital System,A05,Urogenital System,,IMPPAT
D014570,Urologic Diseases,C12,Urogenital Diseases,Urologic Diseases,IMPPAT
D014581,Urticaria,C17,Skin and Connective Tissue Diseases,Skin Diseases,IMPPAT
D014590,Uterine Contraction,G11,Musculoskeletal and Neural Physiological Phenomena,Musculoskeletal Physiological Phenomena,IMPPAT
D014591,Uterine Diseases,C12,Urogenital Diseases,Genital Diseases,IMPPAT
D014592,Uterine Hemorrhage,C23,"Pathological Conditions, Signs and Symptoms",Pathologic Processes,IMPPAT
D014623,Vaginal Diseases,C12,Urogenital Diseases,Genital Diseases,IMPPAT
D014648,Varicose Veins,C14,Cardiovascular Diseases,Vascular Diseases,IMPPAT
D014665,Vasodilator Agents,D27,Chemical Actions and Uses,Pharmacologic Actions,IMPPAT
D014717,Vertigo,C10,Nervous System Diseases,Neurologic Manifestations,IMPPAT
D014781,Viscera,A01,Body Regions,Viscera,IMPPAT
D014786,Vision Disorders,C11,Eye Diseases,Vision Disorders,IMPPAT
D014796,Visual Perception,F02,Psychological Phenomena,Mental Processes,IMPPAT
D014802,Vitamin A Deficiency,C18,Nutritional and Metabolic Diseases,Nutrition Disorders,IMPPAT
D014820,Vitiligo,C17,Skin and Connective Tissue Diseases,Skin Diseases,IMPPAT
D014839,Vomiting,C23,"Pathological Conditions, Signs and Symptoms",Signs and Symptoms,IMPPAT
D014860,Warts,C01,Infections,Virus Diseases,IMPPAT
D014917,Whooping Cough,C01,Infections,Respiratory Tract Infections,IMPPAT
D014945,Wound Healing,G16,Biological Phenomena,Regeneration,IMPPAT
D014947,Wounds and Injuries,C26,Wounds and Injuries,,IMPPAT
D015004,Yellow Fever,C01,Infections,Vector Borne Diseases,IMPPAT
D015212,Inflammatory Bowel Diseases,C06,Digestive System Diseases,Gastrointestinal Diseases,IMPPAT
D015227,Lipid Peroxidation,G02,Chemical Phenomena,Biochemical Phenomena,IMPPAT
D015431,Weight Loss,C23,"Pathological Conditions, Signs and Symptoms",Signs and Symptoms,IMPPAT
D015440,"Leprosy, Lepromatous",C01,Infections,Bacterial Infections and Mycoses,IMPPAT
D015746,Abdominal Pain,C23,"Pathological Conditions, Signs and Symptoms",Signs and Symptoms,IMPPAT
D015817,Eye Infections,C01,Infections,Eye Infections,IMPPAT
D015877,Miosis,C11,Eye Diseases,Pupil Disorders,IMPPAT
D016055,Urinary Retention,C12,Urogenital Diseases,Urologic Diseases,IMPPAT
D016523,Foot Ulcer,C17,Skin and Connective Tissue Diseases,Skin Diseases,IMPPAT
D016587,Antimutagenic Agents,D27,Chemical Actions and Uses,Specialty Uses of Chemicals,IMPPAT
D016773,"Leishmaniasis, Cutaneous",C01,Infections,Vector Borne Diseases,IMPPAT
D016849,"Keratitis, Herpetic",C01,Infections,Eye Infections,IMPPAT
D017116,Low Back Pain,C23,"Pathological Conditions, Signs and Symptoms",Signs and Symptoms,IMPPAT
D017495,Hyperpigmentation,C17,Skin and Connective Tissue Diseases,Skin Diseases,IMPPAT
D017592,Skin Care,E02,Therapeutics,Hygiene,IMPPAT
D017719,Diabetic Foot,C14,Cardiovascular Diseases,Vascular Diseases,IMPPAT
D017955,Poliovirus,B04,Viruses,RNA Viruses,IMPPAT
D018115,"Ephemeral Fever Virus, Bovine",B04,Viruses,RNA Viruses,IMPPAT
D018501,Antirheumatic Agents,D27,Chemical Actions and Uses,Pharmacologic Actions,IMPPAT
D018674,Adrenergic Antagonists,D27,Chemical Actions and Uses,Pharmacologic Actions,IMPPAT
D018678,Cholinergic Agents,D27,Chemical Actions and Uses,Pharmacologic Actions,IMPPAT
D018680,Cholinergic Antagonists,D27,Chemical Actions and Uses,Pharmacologic Actions,IMPPAT
D018697,Nootropic Agents,D27,Chemical Actions and Uses,Pharmacologic Actions,IMPPAT
D018726,Anti-Dyskinesia Agents,D27,Chemical Actions and Uses,Pharmacologic Actions,IMPPAT
D018771,Arthralgia,C05,Musculoskeletal Diseases,Joint Diseases,IMPPAT
D018827,"Carcinoma, Lewis Lung",C04,Neoplasms,"Neoplasms, Experimental",IMPPAT
D018883,Heat Stroke,C26,Wounds and Injuries,Heat Stress Disorders,IMPPAT
D018890,Chemoprevention,E02,Therapeutics,Drug Therapy,IMPPAT
D018908,Muscle Weakness,C05,Musculoskeletal Diseases,Muscular Diseases,IMPPAT
D019141,Respiratory System Agents,D27,Chemical Actions and Uses,Pharmacologic Actions,IMPPAT
D019167,Appetite Stimulants,D27,Chemical Actions and Uses,Pharmacologic Actions,IMPPAT
D019226,Oral Ulcer,C07,Stomatognathic Diseases,Mouth Diseases,IMPPAT
D019380,Anti-HIV Agents,D27,Chemical Actions and Uses,Pharmacologic Actions,IMPPAT
D019440,Anti-Obesity Agents,D27,Chemical Actions and Uses,Pharmacologic Actions,IMPPAT
D019522,Vaginal Discharge,C12,Urogenital Diseases,Genital Diseases,IMPPAT
D020069,Shoulder Pain,C05,Musculoskeletal Diseases,Joint Diseases,IMPPAT
D020139,Gastroschisis,C05,Musculoskeletal Diseases,Musculoskeletal Abnormalities,IMPPAT
D020347,Lithiasis,C23,"Pathological Conditions, Signs and Symptoms",Pathologic Processes,IMPPAT
D020521,Stroke,C14,Cardiovascular Diseases,Vascular Diseases,IMPPAT
D020847,Estrogen Receptor Modulators,D06,"Hormones, Hormone Substitutes, and Hormone Antagonists",Hormone Antagonists,IMPPAT
D030762,Estrous Cycle,G08,Reproductive and Urinary Physiological Phenomena,Reproductive Physiological Phenomena,IMPPAT
D041981,Gastrointestinal Tract,A03,Digestive System,Gastrointestinal Tract,IMPPAT
D043183,Irritable Bowel Syndrome,C06,Digestive System Diseases,Gastrointestinal Diseases,IMPPAT
D044342,Malnutrition,C18,Nutritional and Metabolic Diseases,Nutrition Disorders,IMPPAT
D048949,Labor Pain,C23,"Pathological Conditions, Signs and Symptoms",Signs and Symptoms,IMPPAT
D049970,Graves Ophthalmopathy,C11,Eye Diseases,"Eye Diseases, Hereditary",IMPPAT
D050197,Atherosclerosis,C14,Cardiovascular Diseases,Vascular Diseases,IMPPAT
D050723,"Fractures, Bone",C26,Wounds and Injuries,"Fractures, Bone",IMPPAT
D052776,Female Urogenital Diseases,C12,Urogenital Diseases,Female Urogenital Diseases and Pregnancy Complications,IMPPAT
D052878,Urolithiasis,C12,Urogenital Diseases,Urologic Diseases,IMPPAT
D053159,Dysuria,C23,"Pathological Conditions, Signs and Symptoms",Signs and Symptoms,IMPPAT
D053580,Muscle Strength,G11,Musculoskeletal and Neural Physiological Phenomena,Musculoskeletal Physiological Phenomena,IMPPAT
D054368,Laxatives,D27,Chemical Actions and Uses,Pharmacologic Actions,IMPPAT
D054697,Cytostatic Agents,D27,Chemical Actions and Uses,Toxic Actions,IMPPAT
D054715,Cardiotoxins,D27,Chemical Actions and Uses,Toxic Actions,IMPPAT
D055009,Spondylosis,C05,Musculoskeletal Diseases,Bone Diseases,IMPPAT
D056669,Galactogogues,D27,Chemical Actions and Uses,Pharmacologic Actions,IMPPAT
D056747,Immunomodulation,G12,Immune System Phenomena,Immunomodulation,IMPPAT
D058447,Eye Pain,C11,Eye Diseases,Eye Manifestations,IMPPAT
D058633,Antipyretics,D27,Chemical Actions and Uses,Pharmacologic Actions,IMPPAT
D059373,Mastodynia,C23,"Pathological Conditions, Signs and Symptoms",Signs and Symptoms,IMPPAT
D061686,Premature Ejaculation,F03,Mental Disorders,"Sexual Dysfunctions, Psychological",IMPPAT
D063806,Myalgia,C05,Musculoskeletal Diseases,Muscular Diseases,IMPPAT
D063807,Dandruff,C17,Skin and Connective Tissue Diseases,Skin Diseases,IMPPAT
D065008,Scorpion Stings,C26,Wounds and Injuries,Bites and Stings,IMPPAT
D065106,Demulcents,D27,Chemical Actions and Uses,Specialty Uses of Chemicals,IMPPAT
D000863,Antacids,D27,Chemical Actions and Uses,Pharmacologic Actions,IMPPAT
D005517,Foodborne Diseases,C25,Chemically-Induced Disorders,Poisoning,IMPPAT
D006547,Hernia,C23,"Pathological Conditions, Signs and Symptoms","Pathological Conditions, Anatomical",IMPPAT
D011536,Prurigo,C17,Skin and Connective Tissue Diseases,Skin Diseases,IMPPAT
D014005,Tinea,C01,Infections,"Skin Diseases, Infectious",IMPPAT
D001248,Asthenopia,C11,Eye Diseases,Asthenopia,IMPPAT
D013471,Sunburn,C26,Wounds and Injuries,Burns,IMPPAT
D002481,Cellulitis,C01,Infections,"Skin Diseases, Infectious",IMPPAT
D006396,Hematemesis,C06,Digestive System Diseases,Gastrointestinal Diseases,IMPPAT
D006406,Hematoma,C23,"Pathological Conditions, Signs and Symptoms",Pathologic Processes,IMPPAT
D011349,Proctitis,C06,Digestive System Diseases,Gastrointestinal Diseases,IMPPAT
D000375,Aging,G07,Physiological Phenomena,Growth and Development,IMPPAT
D003668,Pressure Ulcer,C17,Skin and Connective Tissue Diseases,Skin Diseases,IMPPAT
D003704,Dementia,F03,Mental Disorders,Neurocognitive Disorders,IMPPAT
D009303,Nasopharyngeal Neoplasms,C07,Stomatognathic Diseases,Pharyngeal Diseases,IMPPAT
D020920,Dyssomnias,C10,Nervous System Diseases,Sleep Wake Disorders,IMPPAT
D047508,Massive Hepatic Necrosis,C06,Digestive System Diseases,Liver Diseases,IMPPAT
