Source,Source Id,Type,Destination,Destination Id,Label,Description
Plant,Acacia leucophloea,HAS_PART,PlantPart,AC-LE-AE,has_part,Associated plant has respective plant part
Plant,Acacia leucophloea,HAS_PART,PlantPart,AC-LE-BA,has_part,Associated plant has respective plant part
Plant,Acacia leucophloea,HAS_PART,PlantPart,AC-LE-FL,has_part,Associated plant has respective plant part
Plant,Acacia leucophloea,HAS_PART,PlantPart,AC-LE-FR,has_part,Associated plant has respective plant part
Plant,Acacia leucophloea,HAS_PART,PlantPart,AC-LE-LE,has_part,Associated plant has respective plant part
Plant,Acacia leucophloea,HAS_PART,PlantPart,AC-LE-PL,has_part,Associated plant has respective plant part
Plant,Acacia leucophloea,HAS_PART,PlantPart,AC-LE-RO,has_part,Associated plant has respective plant part
Plant,Acacia leucophloea,HAS_PART,PlantPart,AC-LE-SE,has_part,Associated plant has respective plant part
Plant,Acacia leucophloea,HAS_PART,PlantPart,AC-LE-WO,has_part,Associated plant has respective plant part
Plant,Albizia lebbeck,HAS_PART,PlantPart,AL-LE-BA,has_part,Associated plant has respective plant part
Plant,Albizia lebbeck,HAS_PART,PlantPart,AL-LE-FL,has_part,Associated plant has respective plant part
Plant,Albizia lebbeck,HAS_PART,PlantPart,AL-LE-FR,has_part,Associated plant has respective plant part
Plant,Albizia lebbeck,HAS_PART,PlantPart,AL-LE-LE,has_part,Associated plant has respective plant part
Plant,Albizia lebbeck,HAS_PART,PlantPart,AL-LE-RO,has_part,Associated plant has respective plant part
Plant,Albizia lebbeck,HAS_PART,PlantPart,AL-LE-SE,has_part,Associated plant has respective plant part
Plant,Albizia lebbeck,HAS_PART,PlantPart,AL-LE-ST,has_part,Associated plant has respective plant part
Plant,Albizia lebbeck,HAS_PART,PlantPart,AL-LE-WH,has_part,Associated plant has respective plant part
Plant,Albizia lebbeck,HAS_PART,PlantPart,AL-LE-WO,has_part,Associated plant has respective plant part
Plant,Alpinia galanga,HAS_PART,PlantPart,AL-GA-FL,has_part,Associated plant has respective plant part
Plant,Alpinia galanga,HAS_PART,PlantPart,AL-GA-LE,has_part,Associated plant has respective plant part
Plant,Alpinia galanga,HAS_PART,PlantPart,AL-GA-RH,has_part,Associated plant has respective plant part
Plant,Alpinia galanga,HAS_PART,PlantPart,AL-GA-RO,has_part,Associated plant has respective plant part
Plant,Alpinia galanga,HAS_PART,PlantPart,AL-GA-SE,has_part,Associated plant has respective plant part
Plant,Alpinia galanga,HAS_PART,PlantPart,AL-GA-ST,has_part,Associated plant has respective plant part
Plant,Alpinia galanga,HAS_PART,PlantPart,AL-GA-TU,has_part,Associated plant has respective plant part
Plant,Alpinia galanga,HAS_PART,PlantPart,AL-GA-WH,has_part,Associated plant has respective plant part
Plant,Alternanthera sessilis,HAS_PART,PlantPart,AL-SE-FL,has_part,Associated plant has respective plant part
Plant,Alternanthera sessilis,HAS_PART,PlantPart,AL-SE-LE,has_part,Associated plant has respective plant part
Plant,Alternanthera sessilis,HAS_PART,PlantPart,AL-SE-RO,has_part,Associated plant has respective plant part
Plant,Alternanthera sessilis,HAS_PART,PlantPart,AL-SE-SE,has_part,Associated plant has respective plant part
Plant,Alternanthera sessilis,HAS_PART,PlantPart,AL-SE-ST,has_part,Associated plant has respective plant part
Plant,Alternanthera sessilis,HAS_PART,PlantPart,AL-SE-WH,has_part,Associated plant has respective plant part
Plant,Amaranthus viridis,HAS_PART,PlantPart,AM-VI-LE,has_part,Associated plant has respective plant part
Plant,Amaranthus viridis,HAS_PART,PlantPart,AM-VI-RO,has_part,Associated plant has respective plant part
Plant,Amaranthus viridis,HAS_PART,PlantPart,AM-VI-WH,has_part,Associated plant has respective plant part
Plant,Anogeissus latifolia,HAS_PART,PlantPart,AN-LA-BA,has_part,Associated plant has respective plant part
Plant,Anogeissus latifolia,HAS_PART,PlantPart,AN-LA-FL,has_part,Associated plant has respective plant part
Plant,Anogeissus latifolia,HAS_PART,PlantPart,AN-LA-FR,has_part,Associated plant has respective plant part
Plant,Anogeissus latifolia,HAS_PART,PlantPart,AN-LA-LE,has_part,Associated plant has respective plant part
Plant,Anogeissus latifolia,HAS_PART,PlantPart,AN-LA-PL,has_part,Associated plant has respective plant part
Plant,Anogeissus latifolia,HAS_PART,PlantPart,AN-LA-RO,has_part,Associated plant has respective plant part
Plant,Anogeissus latifolia,HAS_PART,PlantPart,AN-LA-WO,has_part,Associated plant has respective plant part
Plant,Argemone mexicana,HAS_PART,PlantPart,AR-ME-AE,has_part,Associated plant has respective plant part
Plant,Argemone mexicana,HAS_PART,PlantPart,AR-ME-BA,has_part,Associated plant has respective plant part
Plant,Argemone mexicana,HAS_PART,PlantPart,AR-ME-FL,has_part,Associated plant has respective plant part
Plant,Argemone mexicana,HAS_PART,PlantPart,AR-ME-FR,has_part,Associated plant has respective plant part
Plant,Argemone mexicana,HAS_PART,PlantPart,AR-ME-LE,has_part,Associated plant has respective plant part
Plant,Argemone mexicana,HAS_PART,PlantPart,AR-ME-PL,has_part,Associated plant has respective plant part
Plant,Argemone mexicana,HAS_PART,PlantPart,AR-ME-RO,has_part,Associated plant has respective plant part
Plant,Argemone mexicana,HAS_PART,PlantPart,AR-ME-SE,has_part,Associated plant has respective plant part
Plant,Argemone mexicana,HAS_PART,PlantPart,AR-ME-ST,has_part,Associated plant has respective plant part
Plant,Argemone mexicana,HAS_PART,PlantPart,AR-ME-WH,has_part,Associated plant has respective plant part
Plant,Aristolochia tagala,HAS_PART,PlantPart,AR-TA-LE,has_part,Associated plant has respective plant part
Plant,Aristolochia tagala,HAS_PART,PlantPart,AR-TA-RO,has_part,Associated plant has respective plant part
Plant,Artocarpus heterophyllus,HAS_PART,PlantPart,AR-HE-BA,has_part,Associated plant has respective plant part
Plant,Artocarpus heterophyllus,HAS_PART,PlantPart,AR-HE-FR,has_part,Associated plant has respective plant part
Plant,Artocarpus heterophyllus,HAS_PART,PlantPart,AR-HE-LE,has_part,Associated plant has respective plant part
Plant,Artocarpus heterophyllus,HAS_PART,PlantPart,AR-HE-PL,has_part,Associated plant has respective plant part
Plant,Artocarpus heterophyllus,HAS_PART,PlantPart,AR-HE-RO,has_part,Associated plant has respective plant part
Plant,Artocarpus heterophyllus,HAS_PART,PlantPart,AR-HE-SE,has_part,Associated plant has respective plant part
Plant,Artocarpus heterophyllus,HAS_PART,PlantPart,AR-HE-WH,has_part,Associated plant has respective plant part
Plant,Artocarpus heterophyllus,HAS_PART,PlantPart,AR-HE-WO,has_part,Associated plant has respective plant part
Plant,Atriplex hortensis,HAS_PART,PlantPart,AT-HO-LE,has_part,Associated plant has respective plant part
Plant,Atriplex hortensis,HAS_PART,PlantPart,AT-HO-SE,has_part,Associated plant has respective plant part
Plant,Azadirachta indica,HAS_PART,PlantPart,AZ-IN-BA,has_part,Associated plant has respective plant part
Plant,Azadirachta indica,HAS_PART,PlantPart,AZ-IN-FL,has_part,Associated plant has respective plant part
Plant,Azadirachta indica,HAS_PART,PlantPart,AZ-IN-FR,has_part,Associated plant has respective plant part
Plant,Azadirachta indica,HAS_PART,PlantPart,AZ-IN-LE,has_part,Associated plant has respective plant part
Plant,Azadirachta indica,HAS_PART,PlantPart,AZ-IN-PL,has_part,Associated plant has respective plant part
Plant,Azadirachta indica,HAS_PART,PlantPart,AZ-IN-RO,has_part,Associated plant has respective plant part
Plant,Azadirachta indica,HAS_PART,PlantPart,AZ-IN-SE,has_part,Associated plant has respective plant part
Plant,Azadirachta indica,HAS_PART,PlantPart,AZ-IN-ST,has_part,Associated plant has respective plant part
Plant,Azadirachta indica,HAS_PART,PlantPart,AZ-IN-WH,has_part,Associated plant has respective plant part
Plant,Azadirachta indica,HAS_PART,PlantPart,AZ-IN-WO,has_part,Associated plant has respective plant part
Plant,Azima tetracantha,HAS_PART,PlantPart,AZ-TE-AE,has_part,Associated plant has respective plant part
Plant,Azima tetracantha,HAS_PART,PlantPart,AZ-TE-BA,has_part,Associated plant has respective plant part
Plant,Azima tetracantha,HAS_PART,PlantPart,AZ-TE-LE,has_part,Associated plant has respective plant part
Plant,Azima tetracantha,HAS_PART,PlantPart,AZ-TE-RO,has_part,Associated plant has respective plant part
Plant,Azima tetracantha,HAS_PART,PlantPart,AZ-TE-SE,has_part,Associated plant has respective plant part
Plant,Azima tetracantha,HAS_PART,PlantPart,AZ-TE-ST,has_part,Associated plant has respective plant part
Plant,Bambusa vulgaris,HAS_PART,PlantPart,BA-VU-BA,has_part,Associated plant has respective plant part
Plant,Bambusa vulgaris,HAS_PART,PlantPart,BA-VU-LE,has_part,Associated plant has respective plant part
Plant,Bambusa vulgaris,HAS_PART,PlantPart,BA-VU-RO,has_part,Associated plant has respective plant part
Plant,Basella alba,HAS_PART,PlantPart,BA-AL-BA,has_part,Associated plant has respective plant part
Plant,Basella alba,HAS_PART,PlantPart,BA-AL-FL,has_part,Associated plant has respective plant part
Plant,Basella alba,HAS_PART,PlantPart,BA-AL-FR,has_part,Associated plant has respective plant part
Plant,Basella alba,HAS_PART,PlantPart,BA-AL-LE,has_part,Associated plant has respective plant part
Plant,Basella alba,HAS_PART,PlantPart,BA-AL-PL,has_part,Associated plant has respective plant part
Plant,Basella alba,HAS_PART,PlantPart,BA-AL-RO,has_part,Associated plant has respective plant part
Plant,Basella alba,HAS_PART,PlantPart,BA-AL-SE,has_part,Associated plant has respective plant part
Plant,Basella alba,HAS_PART,PlantPart,BA-AL-ST,has_part,Associated plant has respective plant part
Plant,Basella alba,HAS_PART,PlantPart,BA-AL-WH,has_part,Associated plant has respective plant part
Plant,Bergenia ciliata,HAS_PART,PlantPart,BE-CI-LE,has_part,Associated plant has respective plant part
Plant,Bergenia ciliata,HAS_PART,PlantPart,BE-CI-RH,has_part,Associated plant has respective plant part
Plant,Bergenia ciliata,HAS_PART,PlantPart,BE-CI-RO,has_part,Associated plant has respective plant part
Plant,Bergenia ciliata,HAS_PART,PlantPart,BE-CI-ST,has_part,Associated plant has respective plant part
Plant,Bixa orellana,HAS_PART,PlantPart,BI-OR-FR,has_part,Associated plant has respective plant part
Plant,Bixa orellana,HAS_PART,PlantPart,BI-OR-LE,has_part,Associated plant has respective plant part
Plant,Bixa orellana,HAS_PART,PlantPart,BI-OR-RO,has_part,Associated plant has respective plant part
Plant,Bixa orellana,HAS_PART,PlantPart,BI-OR-SE,has_part,Associated plant has respective plant part
Plant,Bixa orellana,HAS_PART,PlantPart,BI-OR-ST,has_part,Associated plant has respective plant part
Plant,Bixa orellana,HAS_PART,PlantPart,BI-OR-WO,has_part,Associated plant has respective plant part
Plant,Brassica juncea,HAS_PART,PlantPart,BR-JU-FL,has_part,Associated plant has respective plant part
Plant,Brassica juncea,HAS_PART,PlantPart,BR-JU-LE,has_part,Associated plant has respective plant part
Plant,Brassica juncea,HAS_PART,PlantPart,BR-JU-RO,has_part,Associated plant has respective plant part
Plant,Brassica juncea,HAS_PART,PlantPart,BR-JU-SE,has_part,Associated plant has respective plant part
Plant,Brassica juncea,HAS_PART,PlantPart,BR-JU-ST,has_part,Associated plant has respective plant part
Plant,Brassica juncea,HAS_PART,PlantPart,BR-JU-WH,has_part,Associated plant has respective plant part
Plant,Bridelia stipularis,HAS_PART,PlantPart,BR-ST-AE,has_part,Associated plant has respective plant part
Plant,Bridelia stipularis,HAS_PART,PlantPart,BR-ST-BA,has_part,Associated plant has respective plant part
Plant,Bridelia stipularis,HAS_PART,PlantPart,BR-ST-LE,has_part,Associated plant has respective plant part
Plant,Bridelia stipularis,HAS_PART,PlantPart,BR-ST-RO,has_part,Associated plant has respective plant part
Plant,Bridelia stipularis,HAS_PART,PlantPart,BR-ST-SE,has_part,Associated plant has respective plant part
Plant,Bridelia stipularis,HAS_PART,PlantPart,BR-ST-WH,has_part,Associated plant has respective plant part
Plant,Cadaba fruticosa,HAS_PART,PlantPart,CA-FR-BA,has_part,Associated plant has respective plant part
Plant,Cadaba fruticosa,HAS_PART,PlantPart,CA-FR-LE,has_part,Associated plant has respective plant part
Plant,Cadaba fruticosa,HAS_PART,PlantPart,CA-FR-RO,has_part,Associated plant has respective plant part
Plant,Cadaba fruticosa,HAS_PART,PlantPart,CA-FR-SE,has_part,Associated plant has respective plant part
Plant,Cadaba fruticosa,HAS_PART,PlantPart,CA-FR-ST,has_part,Associated plant has respective plant part
Plant,Caesalpinia pulcherrima,HAS_PART,PlantPart,CA-PU-AE,has_part,Associated plant has respective plant part
Plant,Caesalpinia pulcherrima,HAS_PART,PlantPart,CA-PU-BA,has_part,Associated plant has respective plant part
Plant,Caesalpinia pulcherrima,HAS_PART,PlantPart,CA-PU-FL,has_part,Associated plant has respective plant part
Plant,Caesalpinia pulcherrima,HAS_PART,PlantPart,CA-PU-FR,has_part,Associated plant has respective plant part
Plant,Caesalpinia pulcherrima,HAS_PART,PlantPart,CA-PU-LE,has_part,Associated plant has respective plant part
Plant,Caesalpinia pulcherrima,HAS_PART,PlantPart,CA-PU-RO,has_part,Associated plant has respective plant part
Plant,Caesalpinia pulcherrima,HAS_PART,PlantPart,CA-PU-SE,has_part,Associated plant has respective plant part
Plant,Caesalpinia pulcherrima,HAS_PART,PlantPart,CA-PU-ST,has_part,Associated plant has respective plant part
Plant,Caesalpinia pulcherrima,HAS_PART,PlantPart,CA-PU-WH,has_part,Associated plant has respective plant part
Plant,Calotropis gigantea,HAS_PART,PlantPart,CA-GI-AE,has_part,Associated plant has respective plant part
Plant,Calotropis gigantea,HAS_PART,PlantPart,CA-GI-BA,has_part,Associated plant has respective plant part
Plant,Calotropis gigantea,HAS_PART,PlantPart,CA-GI-FL,has_part,Associated plant has respective plant part
Plant,Calotropis gigantea,HAS_PART,PlantPart,CA-GI-FR,has_part,Associated plant has respective plant part
Plant,Calotropis gigantea,HAS_PART,PlantPart,CA-GI-LE,has_part,Associated plant has respective plant part
Plant,Calotropis gigantea,HAS_PART,PlantPart,CA-GI-PL,has_part,Associated plant has respective plant part
Plant,Calotropis gigantea,HAS_PART,PlantPart,CA-GI-RO,has_part,Associated plant has respective plant part
Plant,Calotropis gigantea,HAS_PART,PlantPart,CA-GI-SE,has_part,Associated plant has respective plant part
Plant,Calotropis gigantea,HAS_PART,PlantPart,CA-GI-ST,has_part,Associated plant has respective plant part
Plant,Calotropis gigantea,HAS_PART,PlantPart,CA-GI-WH,has_part,Associated plant has respective plant part
Plant,Canscora diffusa,HAS_PART,PlantPart,CA-DI-FL,has_part,Associated plant has respective plant part
Plant,Canscora diffusa,HAS_PART,PlantPart,CA-DI-LE,has_part,Associated plant has respective plant part
Plant,Canscora diffusa,HAS_PART,PlantPart,CA-DI-RH,has_part,Associated plant has respective plant part
Plant,Canscora diffusa,HAS_PART,PlantPart,CA-DI-RO,has_part,Associated plant has respective plant part
Plant,Canscora diffusa,HAS_PART,PlantPart,CA-DI-SE,has_part,Associated plant has respective plant part
Plant,Canscora diffusa,HAS_PART,PlantPart,CA-DI-WH,has_part,Associated plant has respective plant part
Plant,Capparis zeylanica,HAS_PART,PlantPart,CA-ZE-AE,has_part,Associated plant has respective plant part
Plant,Capparis zeylanica,HAS_PART,PlantPart,CA-ZE-BA,has_part,Associated plant has respective plant part
Plant,Capparis zeylanica,HAS_PART,PlantPart,CA-ZE-FL,has_part,Associated plant has respective plant part
Plant,Capparis zeylanica,HAS_PART,PlantPart,CA-ZE-FR,has_part,Associated plant has respective plant part
Plant,Capparis zeylanica,HAS_PART,PlantPart,CA-ZE-LE,has_part,Associated plant has respective plant part
Plant,Capparis zeylanica,HAS_PART,PlantPart,CA-ZE-RO,has_part,Associated plant has respective plant part
Plant,Capparis zeylanica,HAS_PART,PlantPart,CA-ZE-SE,has_part,Associated plant has respective plant part
Plant,Careya arborea,HAS_PART,PlantPart,CA-AR-BA,has_part,Associated plant has respective plant part
Plant,Careya arborea,HAS_PART,PlantPart,CA-AR-FL,has_part,Associated plant has respective plant part
Plant,Careya arborea,HAS_PART,PlantPart,CA-AR-FR,has_part,Associated plant has respective plant part
Plant,Careya arborea,HAS_PART,PlantPart,CA-AR-LE,has_part,Associated plant has respective plant part
Plant,Careya arborea,HAS_PART,PlantPart,CA-AR-PL,has_part,Associated plant has respective plant part
Plant,Careya arborea,HAS_PART,PlantPart,CA-AR-RO,has_part,Associated plant has respective plant part
Plant,Careya arborea,HAS_PART,PlantPart,CA-AR-SE,has_part,Associated plant has respective plant part
Plant,Careya arborea,HAS_PART,PlantPart,CA-AR-ST,has_part,Associated plant has respective plant part
Plant,Carissa carandas,HAS_PART,PlantPart,CA-CA-BA,has_part,Associated plant has respective plant part
Plant,Carissa carandas,HAS_PART,PlantPart,CA-CA-FL,has_part,Associated plant has respective plant part
Plant,Carissa carandas,HAS_PART,PlantPart,CA-CA-FR,has_part,Associated plant has respective plant part
Plant,Carissa carandas,HAS_PART,PlantPart,CA-CA-LE,has_part,Associated plant has respective plant part
Plant,Carissa carandas,HAS_PART,PlantPart,CA-CA-RO,has_part,Associated plant has respective plant part
Plant,Carissa carandas,HAS_PART,PlantPart,CA-CA-SE,has_part,Associated plant has respective plant part
Plant,Carissa carandas,HAS_PART,PlantPart,CA-CA-ST,has_part,Associated plant has respective plant part
Plant,Citrus limon,HAS_PART,PlantPart,CI-LI-AE,has_part,Associated plant has respective plant part
Plant,Citrus limon,HAS_PART,PlantPart,CI-LI-BA,has_part,Associated plant has respective plant part
Plant,Citrus limon,HAS_PART,PlantPart,CI-LI-FL,has_part,Associated plant has respective plant part
Plant,Citrus limon,HAS_PART,PlantPart,CI-LI-FR,has_part,Associated plant has respective plant part
Plant,Citrus limon,HAS_PART,PlantPart,CI-LI-LE,has_part,Associated plant has respective plant part
Plant,Citrus limon,HAS_PART,PlantPart,CI-LI-RO,has_part,Associated plant has respective plant part
Plant,Citrus limon,HAS_PART,PlantPart,CI-LI-SE,has_part,Associated plant has respective plant part
Plant,Citrus limon,HAS_PART,PlantPart,CI-LI-ST,has_part,Associated plant has respective plant part
Plant,Citrus limon,HAS_PART,PlantPart,CI-LI-WH,has_part,Associated plant has respective plant part
Plant,Clematis gouriana,HAS_PART,PlantPart,CL-GO-AE,has_part,Associated plant has respective plant part
Plant,Clematis gouriana,HAS_PART,PlantPart,CL-GO-LE,has_part,Associated plant has respective plant part
Plant,Clematis gouriana,HAS_PART,PlantPart,CL-GO-RO,has_part,Associated plant has respective plant part
Plant,Clematis gouriana,HAS_PART,PlantPart,CL-GO-ST,has_part,Associated plant has respective plant part
Plant,Cleome viscosa,HAS_PART,PlantPart,CL-VI-AE,has_part,Associated plant has respective plant part
Plant,Cleome viscosa,HAS_PART,PlantPart,CL-VI-BA,has_part,Associated plant has respective plant part
Plant,Cleome viscosa,HAS_PART,PlantPart,CL-VI-FL,has_part,Associated plant has respective plant part
Plant,Cleome viscosa,HAS_PART,PlantPart,CL-VI-LE,has_part,Associated plant has respective plant part
Plant,Cleome viscosa,HAS_PART,PlantPart,CL-VI-RO,has_part,Associated plant has respective plant part
Plant,Cleome viscosa,HAS_PART,PlantPart,CL-VI-SE,has_part,Associated plant has respective plant part
Plant,Cleome viscosa,HAS_PART,PlantPart,CL-VI-ST,has_part,Associated plant has respective plant part
Plant,Cleome viscosa,HAS_PART,PlantPart,CL-VI-WH,has_part,Associated plant has respective plant part
Plant,Coccinia grandis,HAS_PART,PlantPart,CO-GR-AE,has_part,Associated plant has respective plant part
Plant,Coccinia grandis,HAS_PART,PlantPart,CO-GR-BA,has_part,Associated plant has respective plant part
Plant,Coccinia grandis,HAS_PART,PlantPart,CO-GR-FL,has_part,Associated plant has respective plant part
Plant,Coccinia grandis,HAS_PART,PlantPart,CO-GR-FR,has_part,Associated plant has respective plant part
Plant,Coccinia grandis,HAS_PART,PlantPart,CO-GR-LE,has_part,Associated plant has respective plant part
Plant,Coccinia grandis,HAS_PART,PlantPart,CO-GR-RO,has_part,Associated plant has respective plant part
Plant,Coccinia grandis,HAS_PART,PlantPart,CO-GR-SE,has_part,Associated plant has respective plant part
Plant,Coccinia grandis,HAS_PART,PlantPart,CO-GR-ST,has_part,Associated plant has respective plant part
Plant,Coccinia grandis,HAS_PART,PlantPart,CO-GR-WH,has_part,Associated plant has respective plant part
Plant,Coscinium fenestratum,HAS_PART,PlantPart,CO-FE-BA,has_part,Associated plant has respective plant part
Plant,Coscinium fenestratum,HAS_PART,PlantPart,CO-FE-RO,has_part,Associated plant has respective plant part
Plant,Coscinium fenestratum,HAS_PART,PlantPart,CO-FE-ST,has_part,Associated plant has respective plant part
Plant,Coscinium fenestratum,HAS_PART,PlantPart,CO-FE-WH,has_part,Associated plant has respective plant part
Plant,Coscinium fenestratum,HAS_PART,PlantPart,CO-FE-WO,has_part,Associated plant has respective plant part
Plant,Crinum asiaticum,HAS_PART,PlantPart,CR-AS-BA,has_part,Associated plant has respective plant part
Plant,Crinum asiaticum,HAS_PART,PlantPart,CR-AS-BU,has_part,Associated plant has respective plant part
Plant,Crinum asiaticum,HAS_PART,PlantPart,CR-AS-FR,has_part,Associated plant has respective plant part
Plant,Crinum asiaticum,HAS_PART,PlantPart,CR-AS-LE,has_part,Associated plant has respective plant part
Plant,Crinum asiaticum,HAS_PART,PlantPart,CR-AS-RO,has_part,Associated plant has respective plant part
Plant,Crinum asiaticum,HAS_PART,PlantPart,CR-AS-SE,has_part,Associated plant has respective plant part
Plant,Crinum asiaticum,HAS_PART,PlantPart,CR-AS-TU,has_part,Associated plant has respective plant part
Plant,Crinum asiaticum,HAS_PART,PlantPart,CR-AS-WH,has_part,Associated plant has respective plant part
Plant,Datura stramonium,HAS_PART,PlantPart,DA-ST-AE,has_part,Associated plant has respective plant part
Plant,Datura stramonium,HAS_PART,PlantPart,DA-ST-FL,has_part,Associated plant has respective plant part
Plant,Datura stramonium,HAS_PART,PlantPart,DA-ST-FR,has_part,Associated plant has respective plant part
Plant,Datura stramonium,HAS_PART,PlantPart,DA-ST-LE,has_part,Associated plant has respective plant part
Plant,Datura stramonium,HAS_PART,PlantPart,DA-ST-RO,has_part,Associated plant has respective plant part
Plant,Datura stramonium,HAS_PART,PlantPart,DA-ST-SE,has_part,Associated plant has respective plant part
Plant,Datura stramonium,HAS_PART,PlantPart,DA-ST-ST,has_part,Associated plant has respective plant part
Plant,Datura stramonium,HAS_PART,PlantPart,DA-ST-WH,has_part,Associated plant has respective plant part
Plant,Desmodium triflorum,HAS_PART,PlantPart,DE-TR-AE,has_part,Associated plant has respective plant part
Plant,Desmodium triflorum,HAS_PART,PlantPart,DE-TR-FL,has_part,Associated plant has respective plant part
Plant,Desmodium triflorum,HAS_PART,PlantPart,DE-TR-LE,has_part,Associated plant has respective plant part
Plant,Desmodium triflorum,HAS_PART,PlantPart,DE-TR-RO,has_part,Associated plant has respective plant part
Plant,Desmodium triflorum,HAS_PART,PlantPart,DE-TR-WH,has_part,Associated plant has respective plant part
Plant,Dodonaea viscosa,HAS_PART,PlantPart,DO-VI-AE,has_part,Associated plant has respective plant part
Plant,Dodonaea viscosa,HAS_PART,PlantPart,DO-VI-BA,has_part,Associated plant has respective plant part
Plant,Dodonaea viscosa,HAS_PART,PlantPart,DO-VI-FL,has_part,Associated plant has respective plant part
Plant,Dodonaea viscosa,HAS_PART,PlantPart,DO-VI-FR,has_part,Associated plant has respective plant part
Plant,Dodonaea viscosa,HAS_PART,PlantPart,DO-VI-LE,has_part,Associated plant has respective plant part
Plant,Dodonaea viscosa,HAS_PART,PlantPart,DO-VI-PL,has_part,Associated plant has respective plant part
Plant,Dodonaea viscosa,HAS_PART,PlantPart,DO-VI-RO,has_part,Associated plant has respective plant part
Plant,Dodonaea viscosa,HAS_PART,PlantPart,DO-VI-SE,has_part,Associated plant has respective plant part
Plant,Dodonaea viscosa,HAS_PART,PlantPart,DO-VI-ST,has_part,Associated plant has respective plant part
Plant,Dodonaea viscosa,HAS_PART,PlantPart,DO-VI-TU,has_part,Associated plant has respective plant part
Plant,Dodonaea viscosa,HAS_PART,PlantPart,DO-VI-WH,has_part,Associated plant has respective plant part
Plant,Echinops echinatus,HAS_PART,PlantPart,EC-EC-AE,has_part,Associated plant has respective plant part
Plant,Echinops echinatus,HAS_PART,PlantPart,EC-EC-FL,has_part,Associated plant has respective plant part
Plant,Echinops echinatus,HAS_PART,PlantPart,EC-EC-FR,has_part,Associated plant has respective plant part
Plant,Echinops echinatus,HAS_PART,PlantPart,EC-EC-LE,has_part,Associated plant has respective plant part
Plant,Echinops echinatus,HAS_PART,PlantPart,EC-EC-PL,has_part,Associated plant has respective plant part
Plant,Echinops echinatus,HAS_PART,PlantPart,EC-EC-RO,has_part,Associated plant has respective plant part
Plant,Echinops echinatus,HAS_PART,PlantPart,EC-EC-SE,has_part,Associated plant has respective plant part
Plant,Echinops echinatus,HAS_PART,PlantPart,EC-EC-ST,has_part,Associated plant has respective plant part
Plant,Echinops echinatus,HAS_PART,PlantPart,EC-EC-WH,has_part,Associated plant has respective plant part
Plant,Eclipta prostrata,HAS_PART,PlantPart,EC-PR-AE,has_part,Associated plant has respective plant part
Plant,Eclipta prostrata,HAS_PART,PlantPart,EC-PR-FL,has_part,Associated plant has respective plant part
Plant,Eclipta prostrata,HAS_PART,PlantPart,EC-PR-FR,has_part,Associated plant has respective plant part
Plant,Eclipta prostrata,HAS_PART,PlantPart,EC-PR-LE,has_part,Associated plant has respective plant part
Plant,Eclipta prostrata,HAS_PART,PlantPart,EC-PR-RO,has_part,Associated plant has respective plant part
Plant,Eclipta prostrata,HAS_PART,PlantPart,EC-PR-SE,has_part,Associated plant has respective plant part
Plant,Eclipta prostrata,HAS_PART,PlantPart,EC-PR-ST,has_part,Associated plant has respective plant part
Plant,Eclipta prostrata,HAS_PART,PlantPart,EC-PR-WH,has_part,Associated plant has respective plant part
Plant,Elaeocarpus serratus,HAS_PART,PlantPart,EL-SE-AE,has_part,Associated plant has respective plant part
Plant,Elaeocarpus serratus,HAS_PART,PlantPart,EL-SE-BA,has_part,Associated plant has respective plant part
Plant,Elaeocarpus serratus,HAS_PART,PlantPart,EL-SE-FR,has_part,Associated plant has respective plant part
Plant,Elaeocarpus serratus,HAS_PART,PlantPart,EL-SE-LE,has_part,Associated plant has respective plant part
Plant,Elaeocarpus serratus,HAS_PART,PlantPart,EL-SE-SE,has_part,Associated plant has respective plant part
Plant,Euphorbia hirta,HAS_PART,PlantPart,EU-HI-AE,has_part,Associated plant has respective plant part
Plant,Euphorbia hirta,HAS_PART,PlantPart,EU-HI-BA,has_part,Associated plant has respective plant part
Plant,Euphorbia hirta,HAS_PART,PlantPart,EU-HI-FL,has_part,Associated plant has respective plant part
Plant,Euphorbia hirta,HAS_PART,PlantPart,EU-HI-FR,has_part,Associated plant has respective plant part
Plant,Euphorbia hirta,HAS_PART,PlantPart,EU-HI-LE,has_part,Associated plant has respective plant part
Plant,Euphorbia hirta,HAS_PART,PlantPart,EU-HI-PL,has_part,Associated plant has respective plant part
Plant,Euphorbia hirta,HAS_PART,PlantPart,EU-HI-RO,has_part,Associated plant has respective plant part
Plant,Euphorbia hirta,HAS_PART,PlantPart,EU-HI-ST,has_part,Associated plant has respective plant part
Plant,Euphorbia hirta,HAS_PART,PlantPart,EU-HI-WH,has_part,Associated plant has respective plant part
Plant,Euphorbia tirucalli,HAS_PART,PlantPart,EU-TI-AE,has_part,Associated plant has respective plant part
Plant,Euphorbia tirucalli,HAS_PART,PlantPart,EU-TI-BA,has_part,Associated plant has respective plant part
Plant,Euphorbia tirucalli,HAS_PART,PlantPart,EU-TI-LE,has_part,Associated plant has respective plant part
Plant,Euphorbia tirucalli,HAS_PART,PlantPart,EU-TI-PL,has_part,Associated plant has respective plant part
Plant,Euphorbia tirucalli,HAS_PART,PlantPart,EU-TI-RO,has_part,Associated plant has respective plant part
Plant,Euphorbia tirucalli,HAS_PART,PlantPart,EU-TI-ST,has_part,Associated plant has respective plant part
Plant,Euphorbia tirucalli,HAS_PART,PlantPart,EU-TI-WH,has_part,Associated plant has respective plant part
Plant,Ficus auriculata,HAS_PART,PlantPart,FI-AU-BA,has_part,Associated plant has respective plant part
Plant,Ficus auriculata,HAS_PART,PlantPart,FI-AU-FR,has_part,Associated plant has respective plant part
Plant,Ficus auriculata,HAS_PART,PlantPart,FI-AU-LE,has_part,Associated plant has respective plant part
Plant,Ficus auriculata,HAS_PART,PlantPart,FI-AU-ST,has_part,Associated plant has respective plant part
Plant,Ficus benjamina,HAS_PART,PlantPart,FI-BE-AE,has_part,Associated plant has respective plant part
Plant,Ficus benjamina,HAS_PART,PlantPart,FI-BE-BA,has_part,Associated plant has respective plant part
Plant,Ficus benjamina,HAS_PART,PlantPart,FI-BE-FR,has_part,Associated plant has respective plant part
Plant,Ficus benjamina,HAS_PART,PlantPart,FI-BE-LE,has_part,Associated plant has respective plant part
Plant,Ficus benjamina,HAS_PART,PlantPart,FI-BE-PL,has_part,Associated plant has respective plant part
Plant,Ficus benjamina,HAS_PART,PlantPart,FI-BE-RO,has_part,Associated plant has respective plant part
Plant,Ficus benjamina,HAS_PART,PlantPart,FI-BE-SE,has_part,Associated plant has respective plant part
Plant,Ficus religiosa,HAS_PART,PlantPart,FI-RE-BA,has_part,Associated plant has respective plant part
Plant,Ficus religiosa,HAS_PART,PlantPart,FI-RE-FL,has_part,Associated plant has respective plant part
Plant,Ficus religiosa,HAS_PART,PlantPart,FI-RE-FR,has_part,Associated plant has respective plant part
Plant,Ficus religiosa,HAS_PART,PlantPart,FI-RE-LE,has_part,Associated plant has respective plant part
Plant,Ficus religiosa,HAS_PART,PlantPart,FI-RE-PL,has_part,Associated plant has respective plant part
Plant,Ficus religiosa,HAS_PART,PlantPart,FI-RE-RO,has_part,Associated plant has respective plant part
Plant,Ficus religiosa,HAS_PART,PlantPart,FI-RE-SE,has_part,Associated plant has respective plant part
Plant,Ficus religiosa,HAS_PART,PlantPart,FI-RE-ST,has_part,Associated plant has respective plant part
Plant,Garcinia morella,HAS_PART,PlantPart,GA-MO-BA,has_part,Associated plant has respective plant part
Plant,Garcinia morella,HAS_PART,PlantPart,GA-MO-LE,has_part,Associated plant has respective plant part
Plant,Garcinia morella,HAS_PART,PlantPart,GA-MO-PL,has_part,Associated plant has respective plant part
Plant,Garcinia morella,HAS_PART,PlantPart,GA-MO-SE,has_part,Associated plant has respective plant part
Plant,Garcinia morella,HAS_PART,PlantPart,GA-MO-ST,has_part,Associated plant has respective plant part
Plant,Garcinia morella,HAS_PART,PlantPart,GA-MO-WO,has_part,Associated plant has respective plant part
Plant,Girardinia diversifolia,HAS_PART,PlantPart,GI-DI-FL,has_part,Associated plant has respective plant part
Plant,Girardinia diversifolia,HAS_PART,PlantPart,GI-DI-LE,has_part,Associated plant has respective plant part
Plant,Girardinia diversifolia,HAS_PART,PlantPart,GI-DI-RO,has_part,Associated plant has respective plant part
Plant,Girardinia diversifolia,HAS_PART,PlantPart,GI-DI-WH,has_part,Associated plant has respective plant part
Plant,Grangea maderaspatana,HAS_PART,PlantPart,GR-MA-AE,has_part,Associated plant has respective plant part
Plant,Grangea maderaspatana,HAS_PART,PlantPart,GR-MA-FL,has_part,Associated plant has respective plant part
Plant,Grangea maderaspatana,HAS_PART,PlantPart,GR-MA-FR,has_part,Associated plant has respective plant part
Plant,Grangea maderaspatana,HAS_PART,PlantPart,GR-MA-LE,has_part,Associated plant has respective plant part
Plant,Grangea maderaspatana,HAS_PART,PlantPart,GR-MA-RO,has_part,Associated plant has respective plant part
Plant,Grangea maderaspatana,HAS_PART,PlantPart,GR-MA-WH,has_part,Associated plant has respective plant part
Plant,Helicteres isora,HAS_PART,PlantPart,HE-IS-AE,has_part,Associated plant has respective plant part
Plant,Helicteres isora,HAS_PART,PlantPart,HE-IS-BA,has_part,Associated plant has respective plant part
Plant,Helicteres isora,HAS_PART,PlantPart,HE-IS-FL,has_part,Associated plant has respective plant part
Plant,Helicteres isora,HAS_PART,PlantPart,HE-IS-FR,has_part,Associated plant has respective plant part
Plant,Helicteres isora,HAS_PART,PlantPart,HE-IS-LE,has_part,Associated plant has respective plant part
Plant,Helicteres isora,HAS_PART,PlantPart,HE-IS-RO,has_part,Associated plant has respective plant part
Plant,Helicteres isora,HAS_PART,PlantPart,HE-IS-SE,has_part,Associated plant has respective plant part
Plant,Helicteres isora,HAS_PART,PlantPart,HE-IS-ST,has_part,Associated plant has respective plant part
Plant,Helicteres isora,HAS_PART,PlantPart,HE-IS-WH,has_part,Associated plant has respective plant part
Plant,Hibiscus rosa-sinensis,HAS_PART,PlantPart,HI-RO-AE,has_part,Associated plant has respective plant part
Plant,Hibiscus rosa-sinensis,HAS_PART,PlantPart,HI-RO-BA,has_part,Associated plant has respective plant part
Plant,Hibiscus rosa-sinensis,HAS_PART,PlantPart,HI-RO-FL,has_part,Associated plant has respective plant part
Plant,Hibiscus rosa-sinensis,HAS_PART,PlantPart,HI-RO-FR,has_part,Associated plant has respective plant part
Plant,Hibiscus rosa-sinensis,HAS_PART,PlantPart,HI-RO-LE,has_part,Associated plant has respective plant part
Plant,Hibiscus rosa-sinensis,HAS_PART,PlantPart,HI-RO-RO,has_part,Associated plant has respective plant part
Plant,Hibiscus rosa-sinensis,HAS_PART,PlantPart,HI-RO-SE,has_part,Associated plant has respective plant part
Plant,Hibiscus rosa-sinensis,HAS_PART,PlantPart,HI-RO-ST,has_part,Associated plant has respective plant part
Plant,Hibiscus rosa-sinensis,HAS_PART,PlantPart,HI-RO-WH,has_part,Associated plant has respective plant part
Plant,Holarrhena pubescens,HAS_PART,PlantPart,HO-PU-BA,has_part,Associated plant has respective plant part
Plant,Holarrhena pubescens,HAS_PART,PlantPart,HO-PU-FL,has_part,Associated plant has respective plant part
Plant,Holarrhena pubescens,HAS_PART,PlantPart,HO-PU-FR,has_part,Associated plant has respective plant part
Plant,Holarrhena pubescens,HAS_PART,PlantPart,HO-PU-LE,has_part,Associated plant has respective plant part
Plant,Holarrhena pubescens,HAS_PART,PlantPart,HO-PU-PL,has_part,Associated plant has respective plant part
Plant,Holarrhena pubescens,HAS_PART,PlantPart,HO-PU-RO,has_part,Associated plant has respective plant part
Plant,Holarrhena pubescens,HAS_PART,PlantPart,HO-PU-SE,has_part,Associated plant has respective plant part
Plant,Holarrhena pubescens,HAS_PART,PlantPart,HO-PU-ST,has_part,Associated plant has respective plant part
Plant,Holarrhena pubescens,HAS_PART,PlantPart,HO-PU-WH,has_part,Associated plant has respective plant part
Plant,Indigofera linifolia,HAS_PART,PlantPart,IN-LI-FR,has_part,Associated plant has respective plant part
Plant,Indigofera linifolia,HAS_PART,PlantPart,IN-LI-LE,has_part,Associated plant has respective plant part
Plant,Indigofera linifolia,HAS_PART,PlantPart,IN-LI-RO,has_part,Associated plant has respective plant part
Plant,Indigofera linifolia,HAS_PART,PlantPart,IN-LI-SE,has_part,Associated plant has respective plant part
Plant,Indigofera linifolia,HAS_PART,PlantPart,IN-LI-WH,has_part,Associated plant has respective plant part
Plant,Indigofera tinctoria,HAS_PART,PlantPart,IN-TI-AE,has_part,Associated plant has respective plant part
Plant,Indigofera tinctoria,HAS_PART,PlantPart,IN-TI-FL,has_part,Associated plant has respective plant part
Plant,Indigofera tinctoria,HAS_PART,PlantPart,IN-TI-FR,has_part,Associated plant has respective plant part
Plant,Indigofera tinctoria,HAS_PART,PlantPart,IN-TI-LE,has_part,Associated plant has respective plant part
Plant,Indigofera tinctoria,HAS_PART,PlantPart,IN-TI-RO,has_part,Associated plant has respective plant part
Plant,Indigofera tinctoria,HAS_PART,PlantPart,IN-TI-SE,has_part,Associated plant has respective plant part
Plant,Indigofera tinctoria,HAS_PART,PlantPart,IN-TI-ST,has_part,Associated plant has respective plant part
Plant,Indigofera tinctoria,HAS_PART,PlantPart,IN-TI-WH,has_part,Associated plant has respective plant part
Plant,Jasminum officinale,HAS_PART,PlantPart,JA-OF-AE,has_part,Associated plant has respective plant part
Plant,Jasminum officinale,HAS_PART,PlantPart,JA-OF-FL,has_part,Associated plant has respective plant part
Plant,Jasminum officinale,HAS_PART,PlantPart,JA-OF-FR,has_part,Associated plant has respective plant part
Plant,Jasminum officinale,HAS_PART,PlantPart,JA-OF-LE,has_part,Associated plant has respective plant part
Plant,Jasminum officinale,HAS_PART,PlantPart,JA-OF-RO,has_part,Associated plant has respective plant part
Plant,Jasminum officinale,HAS_PART,PlantPart,JA-OF-ST,has_part,Associated plant has respective plant part
Plant,Jasminum officinale,HAS_PART,PlantPart,JA-OF-WH,has_part,Associated plant has respective plant part
Plant,Kingiodendron pinnatum,HAS_PART,PlantPart,KI-PI-PL,has_part,Associated plant has respective plant part
Plant,Kingiodendron pinnatum,HAS_PART,PlantPart,KI-PI-SE,has_part,Associated plant has respective plant part
Plant,Lavandula bipinnata,HAS_PART,PlantPart,LA-BI-AE,has_part,Associated plant has respective plant part
Plant,Lavandula bipinnata,HAS_PART,PlantPart,LA-BI-FL,has_part,Associated plant has respective plant part
Plant,Lavandula bipinnata,HAS_PART,PlantPart,LA-BI-LE,has_part,Associated plant has respective plant part
Plant,Lavandula bipinnata,HAS_PART,PlantPart,LA-BI-RO,has_part,Associated plant has respective plant part
Plant,Lavandula bipinnata,HAS_PART,PlantPart,LA-BI-ST,has_part,Associated plant has respective plant part
Plant,Lavandula bipinnata,HAS_PART,PlantPart,LA-BI-WH,has_part,Associated plant has respective plant part
Plant,Mangifera indica,HAS_PART,PlantPart,MA-IN-BA,has_part,Associated plant has respective plant part
Plant,Mangifera indica,HAS_PART,PlantPart,MA-IN-FL,has_part,Associated plant has respective plant part
Plant,Mangifera indica,HAS_PART,PlantPart,MA-IN-FR,has_part,Associated plant has respective plant part
Plant,Mangifera indica,HAS_PART,PlantPart,MA-IN-LE,has_part,Associated plant has respective plant part
Plant,Mangifera indica,HAS_PART,PlantPart,MA-IN-PL,has_part,Associated plant has respective plant part
Plant,Mangifera indica,HAS_PART,PlantPart,MA-IN-RO,has_part,Associated plant has respective plant part
Plant,Mangifera indica,HAS_PART,PlantPart,MA-IN-SE,has_part,Associated plant has respective plant part
Plant,Mangifera indica,HAS_PART,PlantPart,MA-IN-ST,has_part,Associated plant has respective plant part
Plant,Mangifera indica,HAS_PART,PlantPart,MA-IN-WH,has_part,Associated plant has respective plant part
Plant,Manilkara zapota,HAS_PART,PlantPart,MA-ZA-BA,has_part,Associated plant has respective plant part
Plant,Manilkara zapota,HAS_PART,PlantPart,MA-ZA-FR,has_part,Associated plant has respective plant part
Plant,Manilkara zapota,HAS_PART,PlantPart,MA-ZA-LE,has_part,Associated plant has respective plant part
Plant,Manilkara zapota,HAS_PART,PlantPart,MA-ZA-PL,has_part,Associated plant has respective plant part
Plant,Manilkara zapota,HAS_PART,PlantPart,MA-ZA-RO,has_part,Associated plant has respective plant part
Plant,Manilkara zapota,HAS_PART,PlantPart,MA-ZA-SE,has_part,Associated plant has respective plant part
Plant,Manilkara zapota,HAS_PART,PlantPart,MA-ZA-WO,has_part,Associated plant has respective plant part
Plant,Mentha spicata,HAS_PART,PlantPart,ME-SP-AE,has_part,Associated plant has respective plant part
Plant,Mentha spicata,HAS_PART,PlantPart,ME-SP-FL,has_part,Associated plant has respective plant part
Plant,Mentha spicata,HAS_PART,PlantPart,ME-SP-FR,has_part,Associated plant has respective plant part
Plant,Mentha spicata,HAS_PART,PlantPart,ME-SP-LE,has_part,Associated plant has respective plant part
Plant,Mentha spicata,HAS_PART,PlantPart,ME-SP-RO,has_part,Associated plant has respective plant part
Plant,Mentha spicata,HAS_PART,PlantPart,ME-SP-ST,has_part,Associated plant has respective plant part
Plant,Mentha spicata,HAS_PART,PlantPart,ME-SP-WH,has_part,Associated plant has respective plant part
Plant,Moringa oleifera,HAS_PART,PlantPart,MO-OL-AE,has_part,Associated plant has respective plant part
Plant,Moringa oleifera,HAS_PART,PlantPart,MO-OL-BA,has_part,Associated plant has respective plant part
Plant,Moringa oleifera,HAS_PART,PlantPart,MO-OL-FL,has_part,Associated plant has respective plant part
Plant,Moringa oleifera,HAS_PART,PlantPart,MO-OL-FR,has_part,Associated plant has respective plant part
Plant,Moringa oleifera,HAS_PART,PlantPart,MO-OL-LE,has_part,Associated plant has respective plant part
Plant,Moringa oleifera,HAS_PART,PlantPart,MO-OL-PL,has_part,Associated plant has respective plant part
Plant,Moringa oleifera,HAS_PART,PlantPart,MO-OL-RO,has_part,Associated plant has respective plant part
Plant,Moringa oleifera,HAS_PART,PlantPart,MO-OL-SE,has_part,Associated plant has respective plant part
Plant,Moringa oleifera,HAS_PART,PlantPart,MO-OL-ST,has_part,Associated plant has respective plant part
Plant,Moringa oleifera,HAS_PART,PlantPart,MO-OL-WH,has_part,Associated plant has respective plant part
Plant,Mucuna pruriens,HAS_PART,PlantPart,MU-PR-BA,has_part,Associated plant has respective plant part
Plant,Mucuna pruriens,HAS_PART,PlantPart,MU-PR-FR,has_part,Associated plant has respective plant part
Plant,Mucuna pruriens,HAS_PART,PlantPart,MU-PR-LE,has_part,Associated plant has respective plant part
Plant,Mucuna pruriens,HAS_PART,PlantPart,MU-PR-RO,has_part,Associated plant has respective plant part
Plant,Mucuna pruriens,HAS_PART,PlantPart,MU-PR-SE,has_part,Associated plant has respective plant part
Plant,Mucuna pruriens,HAS_PART,PlantPart,MU-PR-ST,has_part,Associated plant has respective plant part
Plant,Muntingia calabura,HAS_PART,PlantPart,MU-CA-FL,has_part,Associated plant has respective plant part
Plant,Muntingia calabura,HAS_PART,PlantPart,MU-CA-FR,has_part,Associated plant has respective plant part
Plant,Muntingia calabura,HAS_PART,PlantPart,MU-CA-LE,has_part,Associated plant has respective plant part
Plant,Muntingia calabura,HAS_PART,PlantPart,MU-CA-RO,has_part,Associated plant has respective plant part
Plant,Murraya koenigii,HAS_PART,PlantPart,MU-KO-AE,has_part,Associated plant has respective plant part
Plant,Murraya koenigii,HAS_PART,PlantPart,MU-KO-BA,has_part,Associated plant has respective plant part
Plant,Murraya koenigii,HAS_PART,PlantPart,MU-KO-FL,has_part,Associated plant has respective plant part
Plant,Murraya koenigii,HAS_PART,PlantPart,MU-KO-FR,has_part,Associated plant has respective plant part
Plant,Murraya koenigii,HAS_PART,PlantPart,MU-KO-LE,has_part,Associated plant has respective plant part
Plant,Murraya koenigii,HAS_PART,PlantPart,MU-KO-RO,has_part,Associated plant has respective plant part
Plant,Murraya koenigii,HAS_PART,PlantPart,MU-KO-SE,has_part,Associated plant has respective plant part
Plant,Murraya koenigii,HAS_PART,PlantPart,MU-KO-ST,has_part,Associated plant has respective plant part
Plant,Murraya koenigii,HAS_PART,PlantPart,MU-KO-WH,has_part,Associated plant has respective plant part
Plant,Murraya koenigii,HAS_PART,PlantPart,MU-KO-WO,has_part,Associated plant has respective plant part
Plant,Myristica malabarica,HAS_PART,PlantPart,MY-MA-FR,has_part,Associated plant has respective plant part
Plant,Myristica malabarica,HAS_PART,PlantPart,MY-MA-LE,has_part,Associated plant has respective plant part
Plant,Myristica malabarica,HAS_PART,PlantPart,MY-MA-SE,has_part,Associated plant has respective plant part
Plant,Nelumbo nucifera,HAS_PART,PlantPart,NE-NU-AE,has_part,Associated plant has respective plant part
Plant,Nelumbo nucifera,HAS_PART,PlantPart,NE-NU-BA,has_part,Associated plant has respective plant part
Plant,Nelumbo nucifera,HAS_PART,PlantPart,NE-NU-FL,has_part,Associated plant has respective plant part
Plant,Nelumbo nucifera,HAS_PART,PlantPart,NE-NU-FR,has_part,Associated plant has respective plant part
Plant,Nelumbo nucifera,HAS_PART,PlantPart,NE-NU-LE,has_part,Associated plant has respective plant part
Plant,Nelumbo nucifera,HAS_PART,PlantPart,NE-NU-RH,has_part,Associated plant has respective plant part
Plant,Nelumbo nucifera,HAS_PART,PlantPart,NE-NU-RO,has_part,Associated plant has respective plant part
Plant,Nelumbo nucifera,HAS_PART,PlantPart,NE-NU-SE,has_part,Associated plant has respective plant part
Plant,Nelumbo nucifera,HAS_PART,PlantPart,NE-NU-ST,has_part,Associated plant has respective plant part
Plant,Nelumbo nucifera,HAS_PART,PlantPart,NE-NU-TU,has_part,Associated plant has respective plant part
Plant,Nerium oleander,HAS_PART,PlantPart,NE-OL-BA,has_part,Associated plant has respective plant part
Plant,Nerium oleander,HAS_PART,PlantPart,NE-OL-FL,has_part,Associated plant has respective plant part
Plant,Nerium oleander,HAS_PART,PlantPart,NE-OL-FR,has_part,Associated plant has respective plant part
Plant,Nerium oleander,HAS_PART,PlantPart,NE-OL-LE,has_part,Associated plant has respective plant part
Plant,Nerium oleander,HAS_PART,PlantPart,NE-OL-PL,has_part,Associated plant has respective plant part
Plant,Nerium oleander,HAS_PART,PlantPart,NE-OL-RH,has_part,Associated plant has respective plant part
Plant,Nerium oleander,HAS_PART,PlantPart,NE-OL-RO,has_part,Associated plant has respective plant part
Plant,Nerium oleander,HAS_PART,PlantPart,NE-OL-SE,has_part,Associated plant has respective plant part
Plant,Nerium oleander,HAS_PART,PlantPart,NE-OL-ST,has_part,Associated plant has respective plant part
Plant,Nerium oleander,HAS_PART,PlantPart,NE-OL-WH,has_part,Associated plant has respective plant part
Plant,Nyctanthes arbor-tristis,HAS_PART,PlantPart,NY-AR-AE,has_part,Associated plant has respective plant part
Plant,Nyctanthes arbor-tristis,HAS_PART,PlantPart,NY-AR-BA,has_part,Associated plant has respective plant part
Plant,Nyctanthes arbor-tristis,HAS_PART,PlantPart,NY-AR-FL,has_part,Associated plant has respective plant part
Plant,Nyctanthes arbor-tristis,HAS_PART,PlantPart,NY-AR-FR,has_part,Associated plant has respective plant part
Plant,Nyctanthes arbor-tristis,HAS_PART,PlantPart,NY-AR-LE,has_part,Associated plant has respective plant part
Plant,Nyctanthes arbor-tristis,HAS_PART,PlantPart,NY-AR-RH,has_part,Associated plant has respective plant part
Plant,Nyctanthes arbor-tristis,HAS_PART,PlantPart,NY-AR-RO,has_part,Associated plant has respective plant part
Plant,Nyctanthes arbor-tristis,HAS_PART,PlantPart,NY-AR-SE,has_part,Associated plant has respective plant part
Plant,Nyctanthes arbor-tristis,HAS_PART,PlantPart,NY-AR-ST,has_part,Associated plant has respective plant part
Plant,Nyctanthes arbor-tristis,HAS_PART,PlantPart,NY-AR-WH,has_part,Associated plant has respective plant part
Plant,Ocimum tenuiflorum,HAS_PART,PlantPart,OC-TE-AE,has_part,Associated plant has respective plant part
Plant,Ocimum tenuiflorum,HAS_PART,PlantPart,OC-TE-BA,has_part,Associated plant has respective plant part
Plant,Ocimum tenuiflorum,HAS_PART,PlantPart,OC-TE-FL,has_part,Associated plant has respective plant part
Plant,Ocimum tenuiflorum,HAS_PART,PlantPart,OC-TE-FR,has_part,Associated plant has respective plant part
Plant,Ocimum tenuiflorum,HAS_PART,PlantPart,OC-TE-LE,has_part,Associated plant has respective plant part
Plant,Ocimum tenuiflorum,HAS_PART,PlantPart,OC-TE-RH,has_part,Associated plant has respective plant part
Plant,Ocimum tenuiflorum,HAS_PART,PlantPart,OC-TE-RO,has_part,Associated plant has respective plant part
Plant,Ocimum tenuiflorum,HAS_PART,PlantPart,OC-TE-SE,has_part,Associated plant has respective plant part
Plant,Ocimum tenuiflorum,HAS_PART,PlantPart,OC-TE-ST,has_part,Associated plant has respective plant part
Plant,Ocimum tenuiflorum,HAS_PART,PlantPart,OC-TE-WH,has_part,Associated plant has respective plant part
Plant,Persea americana,HAS_PART,PlantPart,PE-AM-FR,has_part,Associated plant has respective plant part
Plant,Persea americana,HAS_PART,PlantPart,PE-AM-LE,has_part,Associated plant has respective plant part
Plant,Phyllanthus acidus,HAS_PART,PlantPart,PH-AC-BA,has_part,Associated plant has respective plant part
Plant,Phyllanthus acidus,HAS_PART,PlantPart,PH-AC-FR,has_part,Associated plant has respective plant part
Plant,Phyllanthus acidus,HAS_PART,PlantPart,PH-AC-LE,has_part,Associated plant has respective plant part
Plant,Phyllanthus acidus,HAS_PART,PlantPart,PH-AC-RO,has_part,Associated plant has respective plant part
Plant,Phyllanthus acidus,HAS_PART,PlantPart,PH-AC-SE,has_part,Associated plant has respective plant part
Plant,Phyllanthus reticulatus,HAS_PART,PlantPart,PH-RE-AE,has_part,Associated plant has respective plant part
Plant,Phyllanthus reticulatus,HAS_PART,PlantPart,PH-RE-BA,has_part,Associated plant has respective plant part
Plant,Phyllanthus reticulatus,HAS_PART,PlantPart,PH-RE-FL,has_part,Associated plant has respective plant part
Plant,Phyllanthus reticulatus,HAS_PART,PlantPart,PH-RE-FR,has_part,Associated plant has respective plant part
Plant,Phyllanthus reticulatus,HAS_PART,PlantPart,PH-RE-LE,has_part,Associated plant has respective plant part
Plant,Phyllanthus reticulatus,HAS_PART,PlantPart,PH-RE-RO,has_part,Associated plant has respective plant part
Plant,Phyllanthus reticulatus,HAS_PART,PlantPart,PH-RE-SE,has_part,Associated plant has respective plant part
Plant,Phyllanthus reticulatus,HAS_PART,PlantPart,PH-RE-ST,has_part,Associated plant has respective plant part
Plant,Phyllanthus reticulatus,HAS_PART,PlantPart,PH-RE-WH,has_part,Associated plant has respective plant part
Plant,Piper betle,HAS_PART,PlantPart,PI-BE-FR,has_part,Associated plant has respective plant part
Plant,Piper betle,HAS_PART,PlantPart,PI-BE-LE,has_part,Associated plant has respective plant part
Plant,Piper betle,HAS_PART,PlantPart,PI-BE-RO,has_part,Associated plant has respective plant part
Plant,Piper betle,HAS_PART,PlantPart,PI-BE-WH,has_part,Associated plant has respective plant part
Plant,Plectranthus amboinicus,HAS_PART,PlantPart,PL-AM-AE,has_part,Associated plant has respective plant part
Plant,Plectranthus amboinicus,HAS_PART,PlantPart,PL-AM-LE,has_part,Associated plant has respective plant part
Plant,Plectranthus amboinicus,HAS_PART,PlantPart,PL-AM-RO,has_part,Associated plant has respective plant part
Plant,Plectranthus amboinicus,HAS_PART,PlantPart,PL-AM-WH,has_part,Associated plant has respective plant part
Plant,Plectranthus caninus,HAS_PART,PlantPart,PL-CA-AE,has_part,Associated plant has respective plant part
Plant,Plectranthus caninus,HAS_PART,PlantPart,PL-CA-LE,has_part,Associated plant has respective plant part
Plant,Plectranthus caninus,HAS_PART,PlantPart,PL-CA-ST,has_part,Associated plant has respective plant part
Plant,Pongamia pinnata,HAS_PART,PlantPart,PO-PI-BA,has_part,Associated plant has respective plant part
Plant,Pongamia pinnata,HAS_PART,PlantPart,PO-PI-FL,has_part,Associated plant has respective plant part
Plant,Pongamia pinnata,HAS_PART,PlantPart,PO-PI-FR,has_part,Associated plant has respective plant part
Plant,Pongamia pinnata,HAS_PART,PlantPart,PO-PI-LE,has_part,Associated plant has respective plant part
Plant,Pongamia pinnata,HAS_PART,PlantPart,PO-PI-PL,has_part,Associated plant has respective plant part
Plant,Pongamia pinnata,HAS_PART,PlantPart,PO-PI-RO,has_part,Associated plant has respective plant part
Plant,Pongamia pinnata,HAS_PART,PlantPart,PO-PI-SE,has_part,Associated plant has respective plant part
Plant,Pongamia pinnata,HAS_PART,PlantPart,PO-PI-ST,has_part,Associated plant has respective plant part
Plant,Pongamia pinnata,HAS_PART,PlantPart,PO-PI-WO,has_part,Associated plant has respective plant part
Plant,Psidium guajava,HAS_PART,PlantPart,PS-GU-AE,has_part,Associated plant has respective plant part
Plant,Psidium guajava,HAS_PART,PlantPart,PS-GU-BA,has_part,Associated plant has respective plant part
Plant,Psidium guajava,HAS_PART,PlantPart,PS-GU-FL,has_part,Associated plant has respective plant part
Plant,Psidium guajava,HAS_PART,PlantPart,PS-GU-FR,has_part,Associated plant has respective plant part
Plant,Psidium guajava,HAS_PART,PlantPart,PS-GU-LE,has_part,Associated plant has respective plant part
Plant,Psidium guajava,HAS_PART,PlantPart,PS-GU-RO,has_part,Associated plant has respective plant part
Plant,Psidium guajava,HAS_PART,PlantPart,PS-GU-SE,has_part,Associated plant has respective plant part
Plant,Psidium guajava,HAS_PART,PlantPart,PS-GU-ST,has_part,Associated plant has respective plant part
Plant,Psidium guajava,HAS_PART,PlantPart,PS-GU-WH,has_part,Associated plant has respective plant part
Plant,Psidium guajava,HAS_PART,PlantPart,PS-GU-WO,has_part,Associated plant has respective plant part
Plant,Punica granatum,HAS_PART,PlantPart,PU-GR-BA,has_part,Associated plant has respective plant part
Plant,Punica granatum,HAS_PART,PlantPart,PU-GR-FL,has_part,Associated plant has respective plant part
Plant,Punica granatum,HAS_PART,PlantPart,PU-GR-FR,has_part,Associated plant has respective plant part
Plant,Punica granatum,HAS_PART,PlantPart,PU-GR-LE,has_part,Associated plant has respective plant part
Plant,Punica granatum,HAS_PART,PlantPart,PU-GR-RO,has_part,Associated plant has respective plant part
Plant,Punica granatum,HAS_PART,PlantPart,PU-GR-SE,has_part,Associated plant has respective plant part
Plant,Punica granatum,HAS_PART,PlantPart,PU-GR-ST,has_part,Associated plant has respective plant part
Plant,Punica granatum,HAS_PART,PlantPart,PU-GR-WH,has_part,Associated plant has respective plant part
Plant,Punica granatum,HAS_PART,PlantPart,PU-GR-WO,has_part,Associated plant has respective plant part
Plant,Rubia cordifolia,HAS_PART,PlantPart,RU-CO-FR,has_part,Associated plant has respective plant part
Plant,Rubia cordifolia,HAS_PART,PlantPart,RU-CO-RH,has_part,Associated plant has respective plant part
Plant,Rubia cordifolia,HAS_PART,PlantPart,RU-CO-RO,has_part,Associated plant has respective plant part
Plant,Rubia cordifolia,HAS_PART,PlantPart,RU-CO-ST,has_part,Associated plant has respective plant part
Plant,Rubia cordifolia,HAS_PART,PlantPart,RU-CO-WH,has_part,Associated plant has respective plant part
Plant,Santalum album,HAS_PART,PlantPart,SA-AL-BA,has_part,Associated plant has respective plant part
Plant,Santalum album,HAS_PART,PlantPart,SA-AL-FR,has_part,Associated plant has respective plant part
Plant,Santalum album,HAS_PART,PlantPart,SA-AL-LE,has_part,Associated plant has respective plant part
Plant,Santalum album,HAS_PART,PlantPart,SA-AL-RO,has_part,Associated plant has respective plant part
Plant,Santalum album,HAS_PART,PlantPart,SA-AL-SE,has_part,Associated plant has respective plant part
Plant,Santalum album,HAS_PART,PlantPart,SA-AL-WO,has_part,Associated plant has respective plant part
Plant,Saraca asoca,HAS_PART,PlantPart,SA-AS-BA,has_part,Associated plant has respective plant part
Plant,Saraca asoca,HAS_PART,PlantPart,SA-AS-FL,has_part,Associated plant has respective plant part
Plant,Saraca asoca,HAS_PART,PlantPart,SA-AS-FR,has_part,Associated plant has respective plant part
Plant,Saraca asoca,HAS_PART,PlantPart,SA-AS-LE,has_part,Associated plant has respective plant part
Plant,Saraca asoca,HAS_PART,PlantPart,SA-AS-PL,has_part,Associated plant has respective plant part
Plant,Saraca asoca,HAS_PART,PlantPart,SA-AS-SE,has_part,Associated plant has respective plant part
Plant,Saraca asoca,HAS_PART,PlantPart,SA-AS-ST,has_part,Associated plant has respective plant part
Plant,Saraca asoca,HAS_PART,PlantPart,SA-AS-WO,has_part,Associated plant has respective plant part
Plant,Spinacia oleracea,HAS_PART,PlantPart,SP-OL-AE,has_part,Associated plant has respective plant part
Plant,Spinacia oleracea,HAS_PART,PlantPart,SP-OL-FL,has_part,Associated plant has respective plant part
Plant,Spinacia oleracea,HAS_PART,PlantPart,SP-OL-LE,has_part,Associated plant has respective plant part
Plant,Spinacia oleracea,HAS_PART,PlantPart,SP-OL-RO,has_part,Associated plant has respective plant part
Plant,Spinacia oleracea,HAS_PART,PlantPart,SP-OL-SE,has_part,Associated plant has respective plant part
Plant,Spinacia oleracea,HAS_PART,PlantPart,SP-OL-WH,has_part,Associated plant has respective plant part
Plant,Syzygium cumini,HAS_PART,PlantPart,SY-CU-BA,has_part,Associated plant has respective plant part
Plant,Syzygium cumini,HAS_PART,PlantPart,SY-CU-FL,has_part,Associated plant has respective plant part
Plant,Syzygium cumini,HAS_PART,PlantPart,SY-CU-FR,has_part,Associated plant has respective plant part
Plant,Syzygium cumini,HAS_PART,PlantPart,SY-CU-LE,has_part,Associated plant has respective plant part
Plant,Syzygium cumini,HAS_PART,PlantPart,SY-CU-RO,has_part,Associated plant has respective plant part
Plant,Syzygium cumini,HAS_PART,PlantPart,SY-CU-SE,has_part,Associated plant has respective plant part
Plant,Syzygium cumini,HAS_PART,PlantPart,SY-CU-ST,has_part,Associated plant has respective plant part
Plant,Syzygium jambos,HAS_PART,PlantPart,SY-JA-BA,has_part,Associated plant has respective plant part
Plant,Syzygium jambos,HAS_PART,PlantPart,SY-JA-FR,has_part,Associated plant has respective plant part
Plant,Syzygium jambos,HAS_PART,PlantPart,SY-JA-LE,has_part,Associated plant has respective plant part
Plant,Syzygium jambos,HAS_PART,PlantPart,SY-JA-SE,has_part,Associated plant has respective plant part
Plant,Tabernaemontana divaricata,HAS_PART,PlantPart,TA-DI-BA,has_part,Associated plant has respective plant part
Plant,Tabernaemontana divaricata,HAS_PART,PlantPart,TA-DI-FL,has_part,Associated plant has respective plant part
Plant,Tabernaemontana divaricata,HAS_PART,PlantPart,TA-DI-FR,has_part,Associated plant has respective plant part
Plant,Tabernaemontana divaricata,HAS_PART,PlantPart,TA-DI-LE,has_part,Associated plant has respective plant part
Plant,Tabernaemontana divaricata,HAS_PART,PlantPart,TA-DI-PL,has_part,Associated plant has respective plant part
Plant,Tabernaemontana divaricata,HAS_PART,PlantPart,TA-DI-RO,has_part,Associated plant has respective plant part
Plant,Tabernaemontana divaricata,HAS_PART,PlantPart,TA-DI-SE,has_part,Associated plant has respective plant part
Plant,Tabernaemontana divaricata,HAS_PART,PlantPart,TA-DI-ST,has_part,Associated plant has respective plant part
Plant,Tabernaemontana divaricata,HAS_PART,PlantPart,TA-DI-WO,has_part,Associated plant has respective plant part
Plant,Tagetes erecta,HAS_PART,PlantPart,TA-ER-AE,has_part,Associated plant has respective plant part
Plant,Tagetes erecta,HAS_PART,PlantPart,TA-ER-FL,has_part,Associated plant has respective plant part
Plant,Tagetes erecta,HAS_PART,PlantPart,TA-ER-LE,has_part,Associated plant has respective plant part
Plant,Tagetes erecta,HAS_PART,PlantPart,TA-ER-RO,has_part,Associated plant has respective plant part
Plant,Tagetes erecta,HAS_PART,PlantPart,TA-ER-SE,has_part,Associated plant has respective plant part
Plant,Tagetes erecta,HAS_PART,PlantPart,TA-ER-WH,has_part,Associated plant has respective plant part
Plant,Trigonella foenum-graecum,HAS_PART,PlantPart,TR-FO-AE,has_part,Associated plant has respective plant part
Plant,Trigonella foenum-graecum,HAS_PART,PlantPart,TR-FO-LE,has_part,Associated plant has respective plant part
Plant,Trigonella foenum-graecum,HAS_PART,PlantPart,TR-FO-PL,has_part,Associated plant has respective plant part
Plant,Trigonella foenum-graecum,HAS_PART,PlantPart,TR-FO-SE,has_part,Associated plant has respective plant part
Plant,Trigonella foenum-graecum,HAS_PART,PlantPart,TR-FO-ST,has_part,Associated plant has respective plant part
Plant,Urena lobata,HAS_PART,PlantPart,UR-LO-AE,has_part,Associated plant has respective plant part
Plant,Urena lobata,HAS_PART,PlantPart,UR-LO-FL,has_part,Associated plant has respective plant part
Plant,Urena lobata,HAS_PART,PlantPart,UR-LO-LE,has_part,Associated plant has respective plant part
Plant,Urena lobata,HAS_PART,PlantPart,UR-LO-RO,has_part,Associated plant has respective plant part
Plant,Urena lobata,HAS_PART,PlantPart,UR-LO-ST,has_part,Associated plant has respective plant part
Plant,Urena lobata,HAS_PART,PlantPart,UR-LO-WH,has_part,Associated plant has respective plant part
Plant,Citrus sinensis,HAS_PART,PlantPart,CI-SI-AE,has_part,Associated plant has respective plant part
Plant,Citrus sinensis,HAS_PART,PlantPart,CI-SI-FL,has_part,Associated plant has respective plant part
Plant,Citrus sinensis,HAS_PART,PlantPart,CI-SI-FR,has_part,Associated plant has respective plant part
Plant,Citrus sinensis,HAS_PART,PlantPart,CI-SI-LE,has_part,Associated plant has respective plant part
Plant,Citrus sinensis,HAS_PART,PlantPart,CI-SI-RO,has_part,Associated plant has respective plant part
Plant,Citrus sinensis,HAS_PART,PlantPart,CI-SI-SE,has_part,Associated plant has respective plant part
Plant,Citrus sinensis,HAS_PART,PlantPart,CI-SI-WH,has_part,Associated plant has respective plant part
Plant,Curcuma longa,HAS_PART,PlantPart,CU-LO-BU,has_part,Associated plant has respective plant part
Plant,Curcuma longa,HAS_PART,PlantPart,CU-LO-FL,has_part,Associated plant has respective plant part
Plant,Curcuma longa,HAS_PART,PlantPart,CU-LO-FR,has_part,Associated plant has respective plant part
Plant,Curcuma longa,HAS_PART,PlantPart,CU-LO-LE,has_part,Associated plant has respective plant part
Plant,Curcuma longa,HAS_PART,PlantPart,CU-LO-RH,has_part,Associated plant has respective plant part
Plant,Curcuma longa,HAS_PART,PlantPart,CU-LO-RO,has_part,Associated plant has respective plant part
Plant,Curcuma longa,HAS_PART,PlantPart,CU-LO-ST,has_part,Associated plant has respective plant part
Plant,Curcuma longa,HAS_PART,PlantPart,CU-LO-TU,has_part,Associated plant has respective plant part
Plant,Curcuma longa,HAS_PART,PlantPart,CU-LO-WH,has_part,Associated plant has respective plant part
